timestamp,open,high,low,close,volume,symbol,exchange_name
2023-05-07 00:00:00+00:00,1896.78,1933.51,1868.12,1870.2,7417.4107,ETH/USDT,binanceus
2023-05-08 00:00:00+00:00,1869.53,1884.16,1810.0,1847.12,13856.4592,ETH/USDT,binanceus
2023-05-09 00:00:00+00:00,1847.51,1861.15,1830.97,1846.95,2714.609,ETH/USDT,binanceus
2023-05-10 00:00:00+00:00,1846.95,1887.19,1793.25,1840.0,2860.3471,ETH/USDT,binanceus
2023-05-11 00:00:00+00:00,1841.19,1841.7,1772.69,1794.21,1966.2236,ETH/USDT,binanceus
2023-05-12 00:00:00+00:00,1794.68,1816.0,1739.7,1807.73,3232.3401,ETH/USDT,binanceus
2023-05-13 00:00:00+00:00,1807.73,1815.94,1786.21,1795.19,1403.007,ETH/USDT,binanceus
2023-05-14 00:00:00+00:00,1794.76,1823.86,1790.58,1799.78,1587.0183,ETH/USDT,binanceus
2023-05-15 00:00:00+00:00,1798.77,1846.8,1785.0,1815.99,2890.8776,ETH/USDT,binanceus
2023-05-16 00:00:00+00:00,1815.85,1831.93,1796.7,1823.55,2614.2016,ETH/USDT,binanceus
2023-05-17 00:00:00+00:00,1824.49,1836.94,1784.26,1821.69,3200.0384,ETH/USDT,binanceus
2023-05-18 00:00:00+00:00,1822.25,1831.67,1771.53,1800.44,2969.4019,ETH/USDT,binanceus
2023-05-19 00:00:00+00:00,1800.78,1829.32,1796.98,1812.37,1896.0944,ETH/USDT,binanceus
2023-05-20 00:00:00+00:00,1812.58,1828.57,1806.7,1819.47,662.3336,ETH/USDT,binanceus
2023-05-21 00:00:00+00:00,1819.53,1828.94,1797.55,1804.57,1649.1955,ETH/USDT,binanceus
2023-05-22 00:00:00+00:00,1805.13,1828.32,1792.0,1817.31,4649.4093,ETH/USDT,binanceus
2023-05-23 00:00:00+00:00,1817.06,1871.76,1815.36,1853.95,7587.2003,ETH/USDT,binanceus
2023-05-24 00:00:00+00:00,1853.94,1853.94,1777.26,1799.98,8556.2601,ETH/USDT,binanceus
2023-05-25 00:00:00+00:00,1799.65,1818.48,1761.94,1805.47,5614.5997,ETH/USDT,binanceus
2023-05-26 00:00:00+00:00,1805.9,1838.22,1796.87,1827.93,3914.8557,ETH/USDT,binanceus
2023-05-27 00:00:00+00:00,1827.85,1836.24,1812.14,1829.67,1936.5674,ETH/USDT,binanceus
2023-05-28 00:00:00+00:00,1830.33,1917.59,1823.41,1908.43,5174.4541,ETH/USDT,binanceus
2023-05-29 00:00:00+00:00,1908.64,1927.84,1874.01,1892.4,6122.4785,ETH/USDT,binanceus
2023-05-30 00:00:00+00:00,1892.7,1916.96,1881.15,1900.5,5839.3536,ETH/USDT,binanceus
2023-05-31 00:00:00+00:00,1900.94,1907.27,1846.85,1873.45,7804.8043,ETH/USDT,binanceus
2023-06-01 00:00:00+00:00,1873.84,1888.62,1839.97,1861.82,7728.898,ETH/USDT,binanceus
2023-06-02 00:00:00+00:00,1860.92,1910.33,1847.99,1906.44,7386.053,ETH/USDT,binanceus
2023-06-03 00:00:00+00:00,1906.44,1908.34,1881.63,1891.74,2889.5551,ETH/USDT,binanceus
2023-06-04 00:00:00+00:00,1892.1,1914.07,1884.19,1890.16,3431.661,ETH/USDT,binanceus
2023-06-05 00:00:00+00:00,1890.08,1891.11,1778.37,1810.45,10621.7002,ETH/USDT,binanceus
2023-06-06 00:00:00+00:00,1809.7,1897.79,1797.53,1884.28,8168.8358,ETH/USDT,binanceus
2023-06-07 00:00:00+00:00,1884.53,1896.05,1820.13,1823.9,3100.0924,ETH/USDT,binanceus
2023-06-08 00:00:00+00:00,1823.76,1859.31,1816.84,1846.36,1214.8604,ETH/USDT,binanceus
2023-06-09 00:00:00+00:00,1844.63,1854.31,1815.97,1838.5,1904.0617,ETH/USDT,binanceus
2023-06-10 00:00:00+00:00,1838.78,1843.66,1717.83,1752.49,2557.5909,ETH/USDT,binanceus
2023-06-11 00:00:00+00:00,1752.13,1776.22,1740.01,1747.55,973.0801,ETH/USDT,binanceus
2023-06-12 00:00:00+00:00,1747.6,1757.44,1720.51,1741.56,1307.8959,ETH/USDT,binanceus
2023-06-13 00:00:00+00:00,1741.54,1761.39,1720.25,1739.62,1043.1181,ETH/USDT,binanceus
2023-06-14 00:00:00+00:00,1739.49,1749.86,1641.01,1650.79,1316.3617,ETH/USDT,binanceus
2023-06-15 00:00:00+00:00,1652.37,1680.63,1628.73,1666.43,1163.5387,ETH/USDT,binanceus
2023-06-16 00:00:00+00:00,1667.4,1728.82,1650.78,1718.49,963.2756,ETH/USDT,binanceus
2023-06-17 00:00:00+00:00,1718.47,1760.54,1713.46,1728.81,585.3697,ETH/USDT,binanceus
2023-06-18 00:00:00+00:00,1727.5,1746.58,1715.11,1719.56,361.3811,ETH/USDT,binanceus
2023-06-19 00:00:00+00:00,1720.01,1744.48,1702.96,1737.37,501.6282,ETH/USDT,binanceus
2023-06-20 00:00:00+00:00,1737.34,1794.61,1715.2,1790.29,1254.9526,ETH/USDT,binanceus
2023-06-21 00:00:00+00:00,1789.93,1900.0,1787.0,1890.57,1959.8618,ETH/USDT,binanceus
2023-06-22 00:00:00+00:00,1888.59,1931.99,1866.73,1870.38,1492.3402,ETH/USDT,binanceus
2023-06-23 00:00:00+00:00,1870.4,1932.97,1863.28,1890.88,1335.151,ETH/USDT,binanceus
2023-06-24 00:00:00+00:00,1892.58,1904.58,1865.0,1877.26,583.5484,ETH/USDT,binanceus
2023-06-25 00:00:00+00:00,1877.32,1926.92,1870.0,1899.36,846.6386,ETH/USDT,binanceus
2023-06-26 00:00:00+00:00,1900.49,1910.16,1838.24,1858.55,1003.7406,ETH/USDT,binanceus
2023-06-27 00:00:00+00:00,1860.02,1912.62,1854.77,1889.8,865.8381,ETH/USDT,binanceus
2023-06-28 00:00:00+00:00,1890.0,1890.0,1825.19,1827.06,782.6437,ETH/USDT,binanceus
2023-06-29 00:00:00+00:00,1829.24,1879.35,1827.1,1853.06,761.2566,ETH/USDT,binanceus
2023-06-30 00:00:00+00:00,1852.96,1946.95,1839.12,1934.36,1755.9816,ETH/USDT,binanceus
2023-07-01 00:00:00+00:00,1934.36,1943.44,1910.65,1923.17,344.4993,ETH/USDT,binanceus
2023-07-02 00:00:00+00:00,1924.98,1958.38,1890.19,1936.43,1217.6277,ETH/USDT,binanceus
2023-07-03 00:00:00+00:00,1936.43,1975.0,1934.49,1955.5,978.2319,ETH/USDT,binanceus
2023-07-04 00:00:00+00:00,1956.36,1966.0,1932.0,1937.26,634.5126,ETH/USDT,binanceus
2023-07-05 00:00:00+00:00,1937.67,1942.5,1895.27,1911.72,756.2086,ETH/USDT,binanceus
2023-07-06 00:00:00+00:00,1911.58,1953.96,1847.22,1848.77,1595.0315,ETH/USDT,binanceus
2023-07-07 00:00:00+00:00,1846.9,1877.29,1834.34,1871.68,955.1634,ETH/USDT,binanceus
2023-07-08 00:00:00+00:00,1870.85,1872.84,1842.76,1863.72,462.4133,ETH/USDT,binanceus
2023-07-09 00:00:00+00:00,1863.78,1878.38,1856.76,1864.0,489.3589,ETH/USDT,binanceus
2023-07-10 00:00:00+00:00,1862.51,1904.7,1850.0,1881.17,760.3062,ETH/USDT,binanceus
2023-07-11 00:00:00+00:00,1881.17,1890.18,1863.32,1877.2,582.9863,ETH/USDT,binanceus
2023-07-12 00:00:00+00:00,1877.13,1901.14,1865.0,1871.97,721.3065,ETH/USDT,binanceus
2023-07-13 00:00:00+00:00,1872.31,2012.71,1863.28,2000.52,1755.1932,ETH/USDT,binanceus
2023-07-14 00:00:00+00:00,2002.96,2024.41,1899.38,1935.77,2510.7798,ETH/USDT,binanceus
2023-07-15 00:00:00+00:00,1937.72,1945.12,1925.71,1931.4,519.2221,ETH/USDT,binanceus
2023-07-16 00:00:00+00:00,1931.4,1942.86,1915.11,1920.96,581.567,ETH/USDT,binanceus
2023-07-17 00:00:00+00:00,1920.97,1935.38,1874.17,1912.29,1107.9675,ETH/USDT,binanceus
2023-07-18 00:00:00+00:00,1912.71,1917.96,1878.89,1896.7,1019.7032,ETH/USDT,binanceus
2023-07-19 00:00:00+00:00,1898.4,1921.76,1883.09,1889.11,1068.5419,ETH/USDT,binanceus
2023-07-20 00:00:00+00:00,1889.11,1928.51,1878.66,1890.19,1185.7702,ETH/USDT,binanceus
2023-07-21 00:00:00+00:00,1890.38,1904.9,1884.51,1892.77,766.5631,ETH/USDT,binanceus
2023-07-22 00:00:00+00:00,1891.46,1897.36,1854.45,1866.46,490.4387,ETH/USDT,binanceus
2023-07-23 00:00:00+00:00,1867.12,1903.88,1858.76,1887.04,365.6753,ETH/USDT,binanceus
2023-07-24 00:00:00+00:00,1888.99,1890.89,1835.11,1849.71,680.2688,ETH/USDT,binanceus
2023-07-25 00:00:00+00:00,1850.71,1867.94,1845.03,1857.14,538.7519,ETH/USDT,binanceus
2023-07-26 00:00:00+00:00,1857.14,1887.0,1848.81,1872.22,719.177,ETH/USDT,binanceus
2023-07-27 00:00:00+00:00,1872.47,1885.87,1855.78,1860.96,547.8686,ETH/USDT,binanceus
2023-07-28 00:00:00+00:00,1860.96,1882.78,1857.27,1874.53,463.4916,ETH/USDT,binanceus
2023-07-29 00:00:00+00:00,1874.53,1885.61,1869.0,1880.02,303.3862,ETH/USDT,binanceus
2023-07-30 00:00:00+00:00,1880.11,1884.5,1850.0,1860.96,417.7418,ETH/USDT,binanceus
2023-07-31 00:00:00+00:00,1861.02,1876.09,1850.74,1855.81,612.5581,ETH/USDT,binanceus
2023-08-01 00:00:00+00:00,1857.18,1874.27,1813.1,1873.45,838.1141,ETH/USDT,binanceus
2023-08-02 00:00:00+00:00,1873.85,1878.99,1821.55,1839.5,528.8945,ETH/USDT,binanceus
2023-08-03 00:00:00+00:00,1839.31,1858.82,1825.69,1836.0,403.4522,ETH/USDT,binanceus
2023-08-04 00:00:00+00:00,1835.46,1850.99,1817.78,1830.7,501.8116,ETH/USDT,binanceus
2023-08-05 00:00:00+00:00,1830.69,1838.68,1827.85,1836.38,174.539,ETH/USDT,binanceus
2023-08-06 00:00:00+00:00,1836.36,1837.76,1826.56,1829.92,182.1568,ETH/USDT,binanceus
2023-08-07 00:00:00+00:00,1830.47,1845.99,1802.08,1829.24,468.938,ETH/USDT,binanceus
2023-08-08 00:00:00+00:00,1829.24,1874.73,1826.73,1856.71,602.8984,ETH/USDT,binanceus
2023-08-09 00:00:00+00:00,1856.7,1871.66,1846.36,1856.2,309.3811,ETH/USDT,binanceus
2023-08-10 00:00:00+00:00,1856.2,1865.68,1845.66,1853.38,299.6762,ETH/USDT,binanceus
2023-08-11 00:00:00+00:00,1853.27,1857.02,1839.12,1848.8,243.5748,ETH/USDT,binanceus
2023-08-12 00:00:00+00:00,1848.79,1853.81,1846.02,1850.01,118.6632,ETH/USDT,binanceus
2023-08-13 00:00:00+00:00,1849.68,1861.54,1834.04,1840.49,399.4096,ETH/USDT,binanceus
2023-08-14 00:00:00+00:00,1840.51,1856.39,1835.16,1844.59,389.0847,ETH/USDT,binanceus
2023-08-15 00:00:00+00:00,1845.7,1848.09,1814.7,1828.82,467.0502,ETH/USDT,binanceus
2023-08-16 00:00:00+00:00,1828.89,1831.84,1799.46,1807.97,459.7004,ETH/USDT,binanceus
2023-08-17 00:00:00+00:00,1807.73,1810.14,1635.02,1681.96,1793.7136,ETH/USDT,binanceus
2023-08-18 00:00:00+00:00,1682.69,1698.92,1643.32,1661.94,905.171,ETH/USDT,binanceus
2023-08-19 00:00:00+00:00,1662.13,1695.53,1654.79,1669.84,379.2198,ETH/USDT,binanceus
2023-08-20 00:00:00+00:00,1669.81,1693.62,1662.59,1684.98,246.1283,ETH/USDT,binanceus
2023-08-21 00:00:00+00:00,1685.54,1687.49,1647.16,1667.26,417.0027,ETH/USDT,binanceus
2023-08-22 00:00:00+00:00,1667.85,1669.39,1591.0,1634.29,951.9198,ETH/USDT,binanceus
2023-08-23 00:00:00+00:00,1635.62,1700.63,1629.28,1680.24,744.0905,ETH/USDT,binanceus
2023-08-24 00:00:00+00:00,1680.18,1683.22,1638.13,1660.91,498.4634,ETH/USDT,binanceus
2023-08-25 00:00:00+00:00,1660.95,1675.73,1635.72,1654.35,515.2342,ETH/USDT,binanceus
2023-08-26 00:00:00+00:00,1654.29,1655.3,1644.01,1647.7,113.4996,ETH/USDT,binanceus
2023-08-27 00:00:00+00:00,1646.55,1659.9,1646.14,1658.18,186.0733,ETH/USDT,binanceus
2023-08-28 00:00:00+00:00,1658.18,1663.31,1626.06,1653.59,479.6784,ETH/USDT,binanceus
2023-08-29 00:00:00+00:00,1652.84,1745.7,1640.64,1728.73,884.5254,ETH/USDT,binanceus
2023-08-30 00:00:00+00:00,1728.73,1732.04,1696.79,1705.67,203.5924,ETH/USDT,binanceus
2023-08-31 00:00:00+00:00,1705.15,1726.1,1631.21,1646.74,714.1932,ETH/USDT,binanceus
2023-09-01 00:00:00+00:00,1646.54,1654.05,1603.27,1628.14,431.3226,ETH/USDT,binanceus
2023-09-02 00:00:00+00:00,1629.53,1643.97,1627.42,1637.8,133.2446,ETH/USDT,binanceus
2023-09-03 00:00:00+00:00,1637.78,1645.43,1625.81,1635.28,168.3825,ETH/USDT,binanceus
2023-09-04 00:00:00+00:00,1636.49,1643.97,1617.08,1631.0,336.697,ETH/USDT,binanceus
2023-09-05 00:00:00+00:00,1631.15,1647.58,1610.93,1634.18,302.1823,ETH/USDT,binanceus
2023-09-06 00:00:00+00:00,1634.32,1666.81,1610.68,1633.43,468.0933,ETH/USDT,binanceus
2023-09-07 00:00:00+00:00,1632.39,1659.0,1624.15,1648.71,224.5276,ETH/USDT,binanceus
2023-09-08 00:00:00+00:00,1648.76,1658.2,1617.39,1636.93,206.4262,ETH/USDT,binanceus
2023-09-09 00:00:00+00:00,1636.87,1637.68,1630.83,1635.47,57.1463,ETH/USDT,binanceus
2023-09-10 00:00:00+00:00,1635.82,1635.82,1602.0,1617.2,277.4168,ETH/USDT,binanceus
2023-09-11 00:00:00+00:00,1618.25,1618.81,1532.45,1552.13,879.7925,ETH/USDT,binanceus
2023-09-12 00:00:00+00:00,1550.83,1624.42,1549.42,1593.29,479.3765,ETH/USDT,binanceus
2023-09-13 00:00:00+00:00,1593.29,1617.71,1581.72,1607.36,246.2718,ETH/USDT,binanceus
2023-09-14 00:00:00+00:00,1607.82,1643.01,1607.36,1626.45,305.5212,ETH/USDT,binanceus
2023-09-15 00:00:00+00:00,1626.45,1652.67,1611.94,1642.0,274.1088,ETH/USDT,binanceus
2023-09-16 00:00:00+00:00,1641.9,1651.66,1631.64,1635.04,118.2235,ETH/USDT,binanceus
2023-09-17 00:00:00+00:00,1635.04,1635.04,1612.55,1621.93,165.4792,ETH/USDT,binanceus
2023-09-18 00:00:00+00:00,1621.98,1668.57,1605.89,1637.23,395.2745,ETH/USDT,binanceus
2023-09-19 00:00:00+00:00,1636.01,1660.96,1627.09,1643.51,233.8121,ETH/USDT,binanceus
2023-09-20 00:00:00+00:00,1642.22,1648.9,1608.31,1622.99,334.6571,ETH/USDT,binanceus
2023-09-21 00:00:00+00:00,1621.91,1625.69,1567.97,1585.32,263.3194,ETH/USDT,binanceus
2023-09-22 00:00:00+00:00,1584.81,1602.12,1578.0,1593.66,140.3304,ETH/USDT,binanceus
2023-09-23 00:00:00+00:00,1592.65,1598.12,1587.31,1593.34,96.4413,ETH/USDT,binanceus
2023-09-24 00:00:00+00:00,1594.42,1600.71,1573.26,1580.11,106.4299,ETH/USDT,binanceus
2023-09-25 00:00:00+00:00,1579.66,1596.82,1564.75,1588.32,295.5339,ETH/USDT,binanceus
2023-09-26 00:00:00+00:00,1588.78,1598.71,1580.02,1593.81,161.1903,ETH/USDT,binanceus
2023-09-27 00:00:00+00:00,1594.24,1632.65,1584.21,1598.77,293.5494,ETH/USDT,binanceus
2023-09-28 00:00:00+00:00,1598.74,1667.71,1597.6,1653.8,444.2176,ETH/USDT,binanceus
2023-09-29 00:00:00+00:00,1652.57,1687.33,1648.9,1668.41,329.8483,ETH/USDT,binanceus
2023-09-30 00:00:00+00:00,1667.05,1689.09,1666.16,1670.9,216.7671,ETH/USDT,binanceus
2023-10-01 00:00:00+00:00,1670.68,1735.0,1668.78,1733.1,269.7231,ETH/USDT,binanceus
2023-10-02 00:00:00+00:00,1728.9,1742.71,1644.61,1663.21,727.3603,ETH/USDT,binanceus
2023-10-03 00:00:00+00:00,1663.01,1670.15,1645.08,1657.88,342.0037,ETH/USDT,binanceus
2023-10-04 00:00:00+00:00,1658.01,1658.01,1628.73,1647.96,182.0004,ETH/USDT,binanceus
2023-10-05 00:00:00+00:00,1646.72,1654.05,1611.76,1611.76,288.9425,ETH/USDT,binanceus
2023-10-06 00:00:00+00:00,1612.35,1660.16,1611.03,1645.83,361.1775,ETH/USDT,binanceus
2023-10-07 00:00:00+00:00,1646.14,1648.17,1631.0,1634.43,216.196,ETH/USDT,binanceus
2023-10-08 00:00:00+00:00,1633.34,1641.05,1617.95,1633.81,120.893,ETH/USDT,binanceus
2023-10-09 00:00:00+00:00,1633.75,1636.48,1554.89,1579.72,407.4818,ETH/USDT,binanceus
2023-10-10 00:00:00+00:00,1579.66,1594.35,1553.15,1568.21,339.0672,ETH/USDT,binanceus
2023-10-11 00:00:00+00:00,1568.55,1578.0,1548.86,1565.47,540.8772,ETH/USDT,binanceus
2023-10-12 00:00:00+00:00,1565.49,1567.95,1522.32,1540.14,368.9122,ETH/USDT,binanceus
2023-10-13 00:00:00+00:00,1539.95,1574.22,1537.8,1548.57,264.704,ETH/USDT,binanceus
2023-10-14 00:00:00+00:00,1552.02,1560.64,1545.2,1555.3,82.5784,ETH/USDT,binanceus
2023-10-15 00:00:00+00:00,1555.3,1564.0,1549.27,1556.24,124.5505,ETH/USDT,binanceus
2023-10-16 00:00:00+00:00,1557.16,1626.44,1554.65,1599.99,845.5834,ETH/USDT,binanceus
2023-10-17 00:00:00+00:00,1599.99,1601.06,1552.62,1565.94,341.0853,ETH/USDT,binanceus
2023-10-18 00:00:00+00:00,1565.96,1584.84,1556.54,1564.13,167.8499,ETH/USDT,binanceus
2023-10-19 00:00:00+00:00,1561.96,1573.41,1542.03,1567.0,261.9368,ETH/USDT,binanceus
2023-10-20 00:00:00+00:00,1566.18,1621.55,1562.27,1604.05,561.1947,ETH/USDT,binanceus
2023-10-21 00:00:00+00:00,1605.07,1640.0,1592.62,1629.05,445.9188,ETH/USDT,binanceus
2023-10-22 00:00:00+00:00,1630.51,1661.54,1621.49,1661.29,255.3187,ETH/USDT,binanceus
2023-10-23 00:00:00+00:00,1661.51,1784.94,1654.31,1761.61,1192.506,ETH/USDT,binanceus
2023-10-24 00:00:00+00:00,1762.83,1850.0,1757.31,1785.54,1319.9722,ETH/USDT,binanceus
2023-10-25 00:00:00+00:00,1783.88,1807.76,1760.01,1786.58,714.6382,ETH/USDT,binanceus
2023-10-26 00:00:00+00:00,1786.0,1860.0,1764.31,1800.44,711.4195,ETH/USDT,binanceus
2023-10-27 00:00:00+00:00,1802.0,1802.96,1747.89,1778.03,318.9157,ETH/USDT,binanceus
2023-10-28 00:00:00+00:00,1778.03,1799.79,1770.81,1777.08,138.7611,ETH/USDT,binanceus
2023-10-29 00:00:00+00:00,1773.9,1810.65,1763.22,1795.82,220.1371,ETH/USDT,binanceus
2023-10-30 00:00:00+00:00,1797.2,1829.7,1779.07,1808.57,483.3278,ETH/USDT,binanceus
2023-10-31 00:00:00+00:00,1809.7,1817.87,1782.55,1814.98,363.3701,ETH/USDT,binanceus
2023-11-01 00:00:00+00:00,1814.84,1855.58,1783.44,1845.9,651.2786,ETH/USDT,binanceus
2023-11-02 00:00:00+00:00,1846.58,1874.69,1788.0,1800.72,604.7416,ETH/USDT,binanceus
2023-11-03 00:00:00+00:00,1800.72,1834.23,1781.74,1830.98,301.3564,ETH/USDT,binanceus
2023-11-04 00:00:00+00:00,1832.84,1866.42,1823.69,1855.38,353.6137,ETH/USDT,binanceus
2023-11-05 00:00:00+00:00,1856.26,1911.55,1844.72,1892.71,853.9645,ETH/USDT,binanceus
2023-11-06 00:00:00+00:00,1892.54,1913.46,1870.28,1900.8,439.684,ETH/USDT,binanceus
2023-11-07 00:00:00+00:00,1901.36,1904.54,1850.65,1886.39,526.4034,ETH/USDT,binanceus
2023-11-08 00:00:00+00:00,1886.39,1903.11,1874.0,1888.61,391.6756,ETH/USDT,binanceus
2023-11-09 00:00:00+00:00,1888.0,2132.2,1883.0,2121.32,2649.4758,ETH/USDT,binanceus
2023-11-10 00:00:00+00:00,2119.56,2137.24,2066.11,2078.0,852.2736,ETH/USDT,binanceus
2023-11-11 00:00:00+00:00,2078.01,2088.78,2033.08,2051.42,756.4639,ETH/USDT,binanceus
2023-11-12 00:00:00+00:00,2052.46,2066.64,2021.97,2044.51,269.1027,ETH/USDT,binanceus
2023-11-13 00:00:00+00:00,2046.57,2117.61,2030.32,2054.98,907.0979,ETH/USDT,binanceus
2023-11-14 00:00:00+00:00,2055.17,2063.76,1961.0,1979.43,642.6826,ETH/USDT,binanceus
2023-11-15 00:00:00+00:00,1979.92,2061.44,1968.64,2060.03,795.7866,ETH/USDT,binanceus
2023-11-16 00:00:00+00:00,2060.02,2090.11,1941.0,1962.08,1689.4174,ETH/USDT,binanceus
2023-11-17 00:00:00+00:00,1962.43,1989.22,1912.33,1959.02,472.5594,ETH/USDT,binanceus
2023-11-18 00:00:00+00:00,1961.8,1970.83,1923.43,1960.52,250.3654,ETH/USDT,binanceus
2023-11-19 00:00:00+00:00,1963.48,2014.68,1944.32,2011.62,370.3886,ETH/USDT,binanceus
2023-11-20 00:00:00+00:00,2013.69,2061.0,1994.58,2020.53,670.5093,ETH/USDT,binanceus
2023-11-21 00:00:00+00:00,2021.97,2034.31,1935.53,1938.09,689.8401,ETH/USDT,binanceus
2023-11-22 00:00:00+00:00,1935.19,2088.0,1931.62,2064.05,828.888,ETH/USDT,binanceus
2023-11-23 00:00:00+00:00,2063.69,2085.65,2040.06,2063.03,401.0987,ETH/USDT,binanceus
2023-11-24 00:00:00+00:00,2062.83,2130.94,2059.77,2081.63,595.1295,ETH/USDT,binanceus
2023-11-25 00:00:00+00:00,2081.09,2090.11,2066.49,2083.77,288.0283,ETH/USDT,binanceus
2023-11-26 00:00:00+00:00,2083.34,2094.13,2037.66,2063.68,237.1936,ETH/USDT,binanceus
2023-11-27 00:00:00+00:00,2063.24,2071.41,1990.0,2026.75,337.0369,ETH/USDT,binanceus
2023-11-28 00:00:00+00:00,2028.78,2073.68,1995.95,2049.79,455.1534,ETH/USDT,binanceus
2023-11-29 00:00:00+00:00,2049.79,2074.06,2020.0,2030.27,315.0084,ETH/USDT,binanceus
2023-11-30 00:00:00+00:00,2029.47,2054.44,2022.28,2050.4,252.0336,ETH/USDT,binanceus
2023-12-01 00:00:00+00:00,2053.39,2104.19,2045.45,2086.18,824.8716,ETH/USDT,binanceus
2023-12-02 00:00:00+00:00,2086.71,2178.0,2086.37,2162.06,634.9864,ETH/USDT,binanceus
2023-12-03 00:00:00+00:00,2162.3,2211.94,2149.82,2191.22,349.08137,ETH/USDT,binanceus
2023-12-04 00:00:00+00:00,2193.52,2271.73,2192.84,2242.26,709.28527,ETH/USDT,binanceus
2023-12-05 00:00:00+00:00,2242.17,2309.04,2190.35,2296.53,727.61739,ETH/USDT,binanceus
2023-12-06 00:00:00+00:00,2292.95,2311.51,2221.1,2233.38,732.6592,ETH/USDT,binanceus
2023-12-07 00:00:00+00:00,2233.38,2372.97,2230.0,2356.2,865.33101,ETH/USDT,binanceus
2023-12-08 00:00:00+00:00,2354.79,2384.23,2339.06,2359.11,628.1611,ETH/USDT,binanceus
2023-12-09 00:00:00+00:00,2359.73,2400.0,2330.01,2339.79,745.4948,ETH/USDT,binanceus
2023-12-10 00:00:00+00:00,2339.79,2373.41,2322.91,2352.3,378.2582,ETH/USDT,binanceus
2023-12-11 00:00:00+00:00,2352.52,2354.37,2157.56,2226.63,1027.1113,ETH/USDT,binanceus
2023-12-12 00:00:00+00:00,2225.69,2243.28,2167.86,2203.76,347.512,ETH/USDT,binanceus
2023-12-13 00:00:00+00:00,2204.07,2282.68,2147.0,2261.97,540.9405,ETH/USDT,binanceus
2023-12-14 00:00:00+00:00,2261.79,2331.25,2237.26,2315.87,501.8939,ETH/USDT,binanceus
2023-12-15 00:00:00+00:00,2316.08,2318.5,2212.82,2217.76,300.296,ETH/USDT,binanceus
2023-12-16 00:00:00+00:00,2219.18,2263.15,2211.62,2229.56,198.1921,ETH/USDT,binanceus
2023-12-17 00:00:00+00:00,2229.0,2248.7,2195.0,2196.92,230.3741,ETH/USDT,binanceus
2023-12-18 00:00:00+00:00,2197.98,2223.49,2117.96,2218.91,639.9832,ETH/USDT,binanceus
2023-12-19 00:00:00+00:00,2219.87,2253.28,2137.05,2179.38,375.8351,ETH/USDT,binanceus
2023-12-20 00:00:00+00:00,2180.67,2264.4,2159.08,2201.03,545.7627,ETH/USDT,binanceus
2023-12-21 00:00:00+00:00,2202.75,2276.65,2183.7,2240.11,485.5378,ETH/USDT,binanceus
2023-12-22 00:00:00+00:00,2239.07,2340.76,2231.88,2326.43,871.1944,ETH/USDT,binanceus
2023-12-23 00:00:00+00:00,2324.27,2329.86,2267.34,2307.59,359.3945,ETH/USDT,binanceus
2023-12-24 00:00:00+00:00,2309.25,2325.55,2247.92,2263.72,477.6734,ETH/USDT,binanceus
2023-12-25 00:00:00+00:00,2264.37,2302.27,2254.27,2272.21,292.0462,ETH/USDT,binanceus
2023-12-26 00:00:00+00:00,2272.21,2275.23,2185.72,2232.35,419.2747,ETH/USDT,binanceus
2023-12-27 00:00:00+00:00,2231.99,2385.14,2213.93,2372.18,831.688,ETH/USDT,binanceus
2023-12-28 00:00:00+00:00,2372.2,2441.29,2336.0,2339.83,947.0934,ETH/USDT,binanceus
2023-12-29 00:00:00+00:00,2342.83,2384.3,2257.34,2298.84,665.4514,ETH/USDT,binanceus
2023-12-30 00:00:00+00:00,2298.84,2323.0,2268.52,2293.4,242.9651,ETH/USDT,binanceus
2023-12-31 00:00:00+00:00,2290.87,2320.0,2262.86,2280.61,239.4432,ETH/USDT,binanceus
2024-01-01 00:00:00+00:00,2281.01,2344.36,2266.9,2340.0,377.6724,ETH/USDT,binanceus
2024-01-02 00:00:00+00:00,2339.56,2425.21,2338.42,2355.61,831.554,ETH/USDT,binanceus
2024-01-03 00:00:00+00:00,2356.13,2384.23,2166.1,2209.05,1146.7729,ETH/USDT,binanceus
2024-01-04 00:00:00+00:00,2210.1,2292.56,2203.44,2269.13,414.1951,ETH/USDT,binanceus
2024-01-05 00:00:00+00:00,2264.16,2274.6,2206.87,2265.47,358.3367,ETH/USDT,binanceus
2024-01-06 00:00:00+00:00,2265.46,2267.85,2215.44,2236.14,162.3968,ETH/USDT,binanceus
2024-01-07 00:00:00+00:00,2238.54,2256.68,2206.54,2222.5,276.4265,ETH/USDT,binanceus
2024-01-08 00:00:00+00:00,2220.29,2356.61,2170.0,2332.51,794.165,ETH/USDT,binanceus
2024-01-09 00:00:00+00:00,2331.39,2375.08,2244.7,2345.06,859.0646,ETH/USDT,binanceus
2024-01-10 00:00:00+00:00,2347.32,2632.59,2341.48,2578.95,2582.22457,ETH/USDT,binanceus
2024-01-11 00:00:00+00:00,2579.11,2693.3,2566.94,2619.5,1566.99447,ETH/USDT,binanceus
2024-01-12 00:00:00+00:00,2617.56,2708.42,2459.55,2525.43,1284.8594,ETH/USDT,binanceus
2024-01-13 00:00:00+00:00,2521.32,2588.31,2498.31,2576.5,446.6697,ETH/USDT,binanceus
2024-01-14 00:00:00+00:00,2576.81,2578.01,2472.07,2476.31,352.7853,ETH/USDT,binanceus
2024-01-15 00:00:00+00:00,2477.59,2552.45,2473.62,2518.0,262.2667,ETH/USDT,binanceus
2024-01-16 00:00:00+00:00,2518.0,2607.75,2499.87,2586.17,373.1028,ETH/USDT,binanceus
2024-01-17 00:00:00+00:00,2587.74,2591.01,2510.0,2529.9,479.1784,ETH/USDT,binanceus
2024-01-18 00:00:00+00:00,2531.88,2548.43,2440.0,2470.59,541.2626,ETH/USDT,binanceus
2024-01-19 00:00:00+00:00,2470.59,2521.85,2425.54,2500.0,481.5594,ETH/USDT,binanceus
2024-01-20 00:00:00+00:00,2497.9,2504.01,2457.22,2471.0,245.2608,ETH/USDT,binanceus
2024-01-21 00:00:00+00:00,2472.82,2482.14,2454.0,2460.54,109.3567,ETH/USDT,binanceus
2024-01-22 00:00:00+00:00,2457.42,2466.15,2308.96,2314.61,584.4508,ETH/USDT,binanceus
2024-01-23 00:00:00+00:00,2314.59,2351.07,2176.73,2241.61,545.5576,ETH/USDT,binanceus
2024-01-24 00:00:00+00:00,2242.61,2264.89,2200.95,2237.1,295.1125,ETH/USDT,binanceus
2024-01-25 00:00:00+00:00,2236.05,2243.16,2175.0,2221.0,280.6509,ETH/USDT,binanceus
2024-01-26 00:00:00+00:00,2219.85,2282.69,2198.5,2268.12,289.2994,ETH/USDT,binanceus
2024-01-27 00:00:00+00:00,2268.42,2282.64,2252.41,2268.04,229.2781,ETH/USDT,binanceus
2024-01-28 00:00:00+00:00,2267.75,2304.93,2245.47,2257.74,214.9051,ETH/USDT,binanceus
2024-01-29 00:00:00+00:00,2259.4,2319.98,2236.28,2317.51,293.9548,ETH/USDT,binanceus
2024-01-30 00:00:00+00:00,2317.57,2389.2,2297.77,2343.0,395.4711,ETH/USDT,binanceus
2024-01-31 00:00:00+00:00,2343.83,2349.99,2265.13,2285.98,291.8322,ETH/USDT,binanceus
2024-02-01 00:00:00+00:00,2289.08,2311.39,2244.07,2302.94,190.3264,ETH/USDT,binanceus
2024-02-02 00:00:00+00:00,2303.45,2324.53,2282.25,2308.79,125.7909,ETH/USDT,binanceus
2024-02-03 00:00:00+00:00,2308.79,2329.89,2293.48,2297.61,106.4399,ETH/USDT,binanceus
2024-02-04 00:00:00+00:00,2293.48,2310.59,2271.0,2289.23,112.3896,ETH/USDT,binanceus
2024-02-05 00:00:00+00:00,2288.47,2333.35,2270.0,2302.19,213.2992,ETH/USDT,binanceus
2024-02-06 00:00:00+00:00,2302.14,2390.06,2299.0,2371.28,233.0532,ETH/USDT,binanceus
2024-02-07 00:00:00+00:00,2373.11,2443.44,2354.74,2425.11,385.6566,ETH/USDT,binanceus
2024-02-08 00:00:00+00:00,2426.38,2461.07,2410.0,2419.44,370.9924,ETH/USDT,binanceus
2024-02-09 00:00:00+00:00,2422.08,2522.25,2418.4,2487.48,412.0295,ETH/USDT,binanceus
2024-02-10 00:00:00+00:00,2489.77,2516.07,2472.17,2500.01,145.9118,ETH/USDT,binanceus
2024-02-11 00:00:00+00:00,2501.58,2538.57,2493.34,2506.64,194.8771,ETH/USDT,binanceus
2024-02-12 00:00:00+00:00,2506.03,2663.36,2473.92,2660.34,521.5115,ETH/USDT,binanceus
2024-02-13 00:00:00+00:00,2659.45,2684.56,2591.53,2639.0,509.9149,ETH/USDT,binanceus
2024-02-14 00:00:00+00:00,2640.26,2784.83,2619.51,2774.42,427.42197,ETH/USDT,binanceus
2024-02-15 00:00:00+00:00,2774.42,2866.82,2760.39,2819.2,694.31711,ETH/USDT,binanceus
2024-02-16 00:00:00+00:00,2824.19,2855.67,2746.43,2803.1,366.5445,ETH/USDT,binanceus
2024-02-17 00:00:00+00:00,2801.66,2804.34,2720.13,2786.26,307.4542,ETH/USDT,binanceus
2024-02-18 00:00:00+00:00,2786.27,2889.76,2765.57,2879.08,345.50201,ETH/USDT,binanceus
2024-02-19 00:00:00+00:00,2881.32,2981.42,2858.75,2942.8,739.09744,ETH/USDT,binanceus
2024-02-20 00:00:00+00:00,2942.8,3021.6,2876.32,3012.72,1045.74706,ETH/USDT,binanceus
2024-02-21 00:00:00+00:00,3015.0,3017.28,2869.68,2968.58,587.4885,ETH/USDT,binanceus
2024-02-22 00:00:00+00:00,2968.51,3036.12,2907.67,2972.41,496.63841,ETH/USDT,binanceus
2024-02-23 00:00:00+00:00,2975.34,2993.35,2907.69,2923.81,229.495,ETH/USDT,binanceus
2024-02-24 00:00:00+00:00,2923.83,3003.54,2906.97,2990.94,175.1743,ETH/USDT,binanceus
2024-02-25 00:00:00+00:00,2993.55,3114.61,2982.97,3114.12,456.16734,ETH/USDT,binanceus
2024-02-26 00:00:00+00:00,3114.12,3187.0,3039.15,3171.2,647.79867,ETH/USDT,binanceus
2024-02-27 00:00:00+00:00,3176.76,3285.71,3165.55,3241.31,685.08214,ETH/USDT,binanceus
2024-02-28 00:00:00+00:00,3244.08,3480.0,3184.04,3384.93,1435.60899,ETH/USDT,binanceus
2024-02-29 00:00:00+00:00,3385.63,3519.47,3301.94,3345.28,1055.35199,ETH/USDT,binanceus
2024-03-01 00:00:00+00:00,3340.94,3449.39,3339.2,3434.67,529.1085,ETH/USDT,binanceus
2024-03-02 00:00:00+00:00,3435.02,3458.16,3389.34,3421.83,424.0118,ETH/USDT,binanceus
2024-03-03 00:00:00+00:00,3419.9,3488.78,3367.98,3485.29,412.8256,ETH/USDT,binanceus
2024-03-04 00:00:00+00:00,3485.28,3640.84,3449.01,3609.9,1001.95381,ETH/USDT,binanceus
2024-03-05 00:00:00+00:00,3609.97,3820.0,3207.58,3555.01,2505.076,ETH/USDT,binanceus
2024-03-06 00:00:00+00:00,3552.24,3895.31,3501.01,3819.35,1279.62247,ETH/USDT,binanceus
2024-03-07 00:00:00+00:00,3822.86,3929.13,3739.1,3870.7,946.00339,ETH/USDT,binanceus
2024-03-08 00:00:00+00:00,3867.32,3984.67,3825.1,3884.87,971.22596,ETH/USDT,binanceus
2024-03-09 00:00:00+00:00,3885.31,3941.42,3870.85,3906.36,377.0014,ETH/USDT,binanceus
2024-03-10 00:00:00+00:00,3907.27,3961.53,3798.05,3883.04,413.2713,ETH/USDT,binanceus
2024-03-11 00:00:00+00:00,3883.88,4079.99,3790.24,4067.53,987.4278,ETH/USDT,binanceus
2024-03-12 00:00:00+00:00,4066.68,4092.86,3863.11,3978.36,770.29216,ETH/USDT,binanceus
2024-03-13 00:00:00+00:00,3981.08,4080.0,3934.82,4004.39,673.3253,ETH/USDT,binanceus
2024-03-14 00:00:00+00:00,4002.19,4011.78,3731.0,3884.24,1220.5076,ETH/USDT,binanceus
2024-03-15 00:00:00+00:00,3885.32,3933.28,3582.32,3739.08,1358.6377,ETH/USDT,binanceus
2024-03-16 00:00:00+00:00,3744.25,3782.1,3485.41,3526.2,759.6396,ETH/USDT,binanceus
2024-03-17 00:00:00+00:00,3526.2,3679.47,3418.63,3645.09,661.4602,ETH/USDT,binanceus
2024-03-18 00:00:00+00:00,3642.76,3642.76,3456.87,3528.1,465.6938,ETH/USDT,binanceus
2024-03-19 00:00:00+00:00,3525.69,3548.53,3150.52,3165.0,1412.6219,ETH/USDT,binanceus
2024-03-20 00:00:00+00:00,3165.88,3525.65,3062.05,3512.04,1238.4501,ETH/USDT,binanceus
2024-03-21 00:00:00+00:00,3509.09,3584.83,3411.24,3494.18,555.1633,ETH/USDT,binanceus
2024-03-22 00:00:00+00:00,3493.58,3535.72,3250.25,3336.93,648.1562,ETH/USDT,binanceus
2024-03-23 00:00:00+00:00,3337.52,3433.8,3284.68,3332.0,406.9224,ETH/USDT,binanceus
2024-03-24 00:00:00+00:00,3338.35,3462.23,3300.97,3455.92,390.9781,ETH/USDT,binanceus
2024-03-25 00:00:00+00:00,3451.88,3650.0,3416.13,3592.95,749.7053,ETH/USDT,binanceus
2024-03-26 00:00:00+00:00,3589.14,3676.55,3544.46,3588.28,481.2951,ETH/USDT,binanceus
2024-03-27 00:00:00+00:00,3588.28,3661.0,3462.63,3503.76,558.4753,ETH/USDT,binanceus
2024-03-28 00:00:00+00:00,3503.76,3609.6,3468.27,3557.32,432.8339,ETH/USDT,binanceus
2024-03-29 00:00:00+00:00,3561.24,3583.46,3480.01,3514.41,315.1502,ETH/USDT,binanceus
2024-03-30 00:00:00+00:00,3514.05,3565.86,3491.19,3511.95,341.8063,ETH/USDT,binanceus
2024-03-31 00:00:00+00:00,3516.96,3654.76,3511.7,3650.01,471.0335,ETH/USDT,binanceus
2024-04-01 00:00:00+00:00,3647.02,3650.11,3437.94,3506.04,724.4891,ETH/USDT,binanceus
2024-04-02 00:00:00+00:00,3507.13,3512.44,3225.0,3273.21,575.5829,ETH/USDT,binanceus
2024-04-03 00:00:00+00:00,3280.41,3367.36,3203.82,3312.56,292.5237,ETH/USDT,binanceus
2024-04-04 00:00:00+00:00,3307.92,3442.78,3259.44,3332.06,247.2066,ETH/USDT,binanceus
2024-04-05 00:00:00+00:00,3331.27,3345.06,3218.22,3319.12,361.3496,ETH/USDT,binanceus
2024-04-06 00:00:00+00:00,3320.0,3392.26,3308.69,3352.43,109.9154,ETH/USDT,binanceus
2024-04-07 00:00:00+00:00,3353.66,3450.89,3345.41,3450.59,205.6854,ETH/USDT,binanceus
2024-04-08 00:00:00+00:00,3450.59,3726.84,3409.6,3693.86,747.8535,ETH/USDT,binanceus
2024-04-09 00:00:00+00:00,3697.45,3724.01,3453.52,3506.04,470.0046,ETH/USDT,binanceus
2024-04-10 00:00:00+00:00,3508.35,3558.1,3417.12,3539.31,349.8408,ETH/USDT,binanceus
2024-04-11 00:00:00+00:00,3543.67,3616.37,3476.14,3506.23,380.8757,ETH/USDT,binanceus
2024-04-12 00:00:00+00:00,3501.45,3548.53,3150.0,3243.59,756.8528,ETH/USDT,binanceus
2024-04-13 00:00:00+00:00,3242.29,3302.3,2870.41,3002.71,966.0964,ETH/USDT,binanceus
2024-04-14 00:00:00+00:00,3001.74,3174.05,2915.42,3155.96,326.7348,ETH/USDT,binanceus
2024-04-15 00:00:00+00:00,3148.68,3277.84,3037.13,3099.18,395.8238,ETH/USDT,binanceus
2024-04-16 00:00:00+00:00,3093.78,3126.15,2994.42,3084.91,409.7953,ETH/USDT,binanceus
2024-04-17 00:00:00+00:00,3082.8,3122.92,2915.76,2983.95,292.7123,ETH/USDT,binanceus
2024-04-18 00:00:00+00:00,2986.49,3093.04,2953.82,3065.3,153.9287,ETH/USDT,binanceus
2024-04-19 00:00:00+00:00,3063.12,3125.42,2863.6,3059.42,367.568,ETH/USDT,binanceus
2024-04-20 00:00:00+00:00,3054.51,3169.44,3019.63,3152.66,229.0144,ETH/USDT,binanceus
2024-04-21 00:00:00+00:00,3152.66,3193.81,3116.3,3144.32,97.8455,ETH/USDT,binanceus
2024-04-22 00:00:00+00:00,3147.54,3233.43,3129.63,3198.9,199.8445,ETH/USDT,binanceus
2024-04-23 00:00:00+00:00,3198.87,3262.71,3152.76,3220.48,286.4542,ETH/USDT,binanceus
2024-04-24 00:00:00+00:00,3217.15,3291.36,3106.24,3141.69,370.6271,ETH/USDT,binanceus
2024-04-25 00:00:00+00:00,3136.29,3190.0,3075.0,3158.22,268.0776,ETH/USDT,binanceus
2024-04-26 00:00:00+00:00,3156.17,3166.33,3103.28,3131.31,113.401,ETH/USDT,binanceus
2024-04-27 00:00:00+00:00,3130.86,3277.0,3069.18,3250.0,230.7083,ETH/USDT,binanceus
2024-04-28 00:00:00+00:00,3250.0,3350.0,3231.17,3261.69,331.8201,ETH/USDT,binanceus
2024-04-29 00:00:00+00:00,3261.11,3283.24,3117.08,3215.77,242.6012,ETH/USDT,binanceus
2024-04-30 00:00:00+00:00,3218.7,3249.32,2918.48,3013.94,578.5578,ETH/USDT,binanceus
2024-05-01 00:00:00+00:00,3015.0,3022.26,2817.59,2975.99,355.9449,ETH/USDT,binanceus
2024-05-02 00:00:00+00:00,2975.11,3015.04,2894.28,2985.97,146.6379,ETH/USDT,binanceus
2024-05-03 00:00:00+00:00,2985.99,3126.36,2960.43,3104.06,184.4271,ETH/USDT,binanceus
2024-05-04 00:00:00+00:00,3103.26,3167.55,3098.01,3116.68,158.8504,ETH/USDT,binanceus
2024-05-05 00:00:00+00:00,3119.19,3170.15,3072.42,3137.1,120.6842,ETH/USDT,binanceus
2024-05-06 00:00:00+00:00,3137.45,3219.0,3047.71,3063.02,290.6288,ETH/USDT,binanceus
2024-05-07 00:00:00+00:00,3064.25,3128.18,3007.2,3010.0,119.4958,ETH/USDT,binanceus
2024-05-08 00:00:00+00:00,3009.06,3037.74,2936.02,2976.3,258.847,ETH/USDT,binanceus
2024-05-09 00:00:00+00:00,2973.0,3058.63,2950.27,3037.47,117.5719,ETH/USDT,binanceus
2024-05-10 00:00:00+00:00,3035.02,3053.05,2880.4,2910.0,215.1168,ETH/USDT,binanceus
2024-05-11 00:00:00+00:00,2910.0,2944.77,2890.01,2913.85,68.3572,ETH/USDT,binanceus
2024-05-12 00:00:00+00:00,2911.04,2954.36,2903.03,2933.07,62.0438,ETH/USDT,binanceus
2024-05-13 00:00:00+00:00,2929.95,2995.64,2866.0,2949.59,172.2811,ETH/USDT,binanceus
2024-05-14 00:00:00+00:00,2953.81,2960.76,2864.0,2883.11,141.9804,ETH/USDT,binanceus
2024-05-15 00:00:00+00:00,2882.9,3040.6,2864.95,3034.47,245.6734,ETH/USDT,binanceus
2024-05-16 00:00:00+00:00,3035.9,3041.23,2925.0,2946.39,151.2147,ETH/USDT,binanceus
2024-05-17 00:00:00+00:00,2946.31,3119.12,2935.28,3092.08,218.4658,ETH/USDT,binanceus
2024-05-18 00:00:00+00:00,3091.11,3142.99,3086.37,3119.63,133.505,ETH/USDT,binanceus
2024-05-19 00:00:00+00:00,3121.17,3136.7,3054.7,3072.22,105.7071,ETH/USDT,binanceus
2024-05-20 00:00:00+00:00,3074.53,3672.25,3048.67,3659.08,932.0101,ETH/USDT,binanceus
2024-05-21 00:00:00+00:00,3659.12,3817.87,3578.0,3788.16,2274.3545,ETH/USDT,binanceus
2024-05-22 00:00:00+00:00,3784.94,3799.99,3655.07,3741.27,621.6868,ETH/USDT,binanceus
2024-05-23 00:00:00+00:00,3741.05,3945.9,3574.49,3782.63,1808.8549,ETH/USDT,binanceus
2024-05-24 00:00:00+00:00,3782.63,3828.38,3639.37,3733.79,460.0126,ETH/USDT,binanceus
2024-05-25 00:00:00+00:00,3733.79,3777.74,3716.24,3748.19,145.1726,ETH/USDT,binanceus
2024-05-26 00:00:00+00:00,3747.58,3874.49,3733.01,3828.23,294.6989,ETH/USDT,binanceus
2024-05-27 00:00:00+00:00,3827.41,3967.42,3824.62,3891.97,403.0878,ETH/USDT,binanceus
2024-05-28 00:00:00+00:00,3895.81,3929.06,3775.66,3841.22,463.1537,ETH/USDT,binanceus
2024-05-29 00:00:00+00:00,3842.16,3885.54,3746.69,3768.18,239.9302,ETH/USDT,binanceus
2024-05-30 00:00:00+00:00,3766.73,3819.87,3704.39,3751.63,228.0974,ETH/USDT,binanceus
2024-05-31 00:00:00+00:00,3746.38,3843.57,3726.18,3766.81,259.4419,ETH/USDT,binanceus
2024-06-01 00:00:00+00:00,3760.76,3831.1,3751.97,3816.22,119.395,ETH/USDT,binanceus
2024-06-02 00:00:00+00:00,3816.74,3836.99,3754.61,3785.36,142.6248,ETH/USDT,binanceus
2024-06-03 00:00:00+00:00,3780.25,3849.73,3761.54,3775.62,263.2873,ETH/USDT,binanceus
2024-06-04 00:00:00+00:00,3771.58,3831.36,3744.44,3813.47,330.1227,ETH/USDT,binanceus
2024-06-05 00:00:00+00:00,3810.83,3885.55,3779.21,3860.76,554.1507,ETH/USDT,binanceus
2024-06-06 00:00:00+00:00,3860.76,3874.09,3762.8,3813.78,285.6934,ETH/USDT,binanceus
2024-06-07 00:00:00+00:00,3812.58,3839.48,3600.0,3677.7,539.4931,ETH/USDT,binanceus
2024-06-08 00:00:00+00:00,3677.31,3709.08,3664.78,3684.98,80.6696,ETH/USDT,binanceus
2024-06-09 00:00:00+00:00,3680.9,3721.45,3668.54,3711.62,79.0,ETH/USDT,binanceus
2024-06-10 00:00:00+00:00,3707.82,3713.26,3648.78,3666.01,128.5646,ETH/USDT,binanceus
2024-06-11 00:00:00+00:00,3669.78,3672.98,3434.26,3501.13,354.2056,ETH/USDT,binanceus
2024-06-12 00:00:00+00:00,3501.13,3651.11,3466.77,3561.35,373.0065,ETH/USDT,binanceus
2024-06-13 00:00:00+00:00,3560.91,3560.91,3430.67,3467.97,185.5862,ETH/USDT,binanceus
2024-06-14 00:00:00+00:00,3470.4,3530.34,3363.98,3480.36,277.5433,ETH/USDT,binanceus
2024-06-15 00:00:00+00:00,3479.88,3592.57,3473.41,3565.48,303.1579,ETH/USDT,binanceus
2024-06-16 00:00:00+00:00,3568.63,3652.07,3542.66,3623.11,80.5653,ETH/USDT,binanceus
2024-06-17 00:00:00+00:00,3623.03,3637.95,3467.16,3512.94,270.8676,ETH/USDT,binanceus
2024-06-18 00:00:00+00:00,3511.16,3514.67,3360.0,3483.02,333.6411,ETH/USDT,binanceus
2024-06-19 00:00:00+00:00,3482.33,3586.21,3465.99,3557.69,202.1724,ETH/USDT,binanceus
2024-06-20 00:00:00+00:00,3559.06,3624.22,3487.8,3516.12,137.9032,ETH/USDT,binanceus
2024-06-21 00:00:00+00:00,3512.06,3546.63,3447.6,3517.78,182.9067,ETH/USDT,binanceus
2024-06-22 00:00:00+00:00,3519.67,3519.67,3476.51,3497.6,42.7604,ETH/USDT,binanceus
2024-06-23 00:00:00+00:00,3496.19,3520.66,3409.11,3419.71,83.5785,ETH/USDT,binanceus
2024-06-24 00:00:00+00:00,3421.21,3433.61,3244.79,3350.0,449.6555,ETH/USDT,binanceus
2024-06-25 00:00:00+00:00,3353.41,3427.58,3337.95,3397.27,144.8649,ETH/USDT,binanceus
2024-06-26 00:00:00+00:00,3394.63,3424.89,3327.91,3368.84,135.7505,ETH/USDT,binanceus
2024-06-27 00:00:00+00:00,3371.87,3476.51,3362.9,3448.3,104.1107,ETH/USDT,binanceus
2024-06-28 00:00:00+00:00,3451.04,3485.8,3367.9,3380.86,151.7361,ETH/USDT,binanceus
2024-06-29 00:00:00+00:00,3381.56,3407.17,3373.22,3378.22,54.5469,ETH/USDT,binanceus
2024-06-30 00:00:00+00:00,3379.82,3458.6,3356.72,3442.29,106.0491,ETH/USDT,binanceus
2024-07-01 00:00:00+00:00,3441.24,3522.86,3425.09,3443.86,112.8212,ETH/USDT,binanceus
2024-07-02 00:00:00+00:00,3441.8,3463.61,3402.5,3422.16,118.5837,ETH/USDT,binanceus
2024-07-03 00:00:00+00:00,3420.98,3432.31,3255.0,3297.53,197.5174,ETH/USDT,binanceus
2024-07-04 00:00:00+00:00,3299.63,3312.72,3051.96,3059.9,467.2813,ETH/USDT,binanceus
2024-07-05 00:00:00+00:00,3058.33,3113.01,2828.01,2987.07,442.2796,ETH/USDT,binanceus
2024-07-06 00:00:00+00:00,2987.31,3081.35,2960.0,3075.54,93.184,ETH/USDT,binanceus
2024-07-07 00:00:00+00:00,3067.82,3075.74,2929.9,2935.84,133.8865,ETH/USDT,binanceus
2024-07-08 00:00:00+00:00,2936.13,3094.68,2828.82,3018.87,270.6138,ETH/USDT,binanceus
2024-07-09 00:00:00+00:00,3020.01,3113.22,3005.5,3061.44,126.7339,ETH/USDT,binanceus
2024-07-10 00:00:00+00:00,3065.39,3150.85,3025.37,3099.21,181.8286,ETH/USDT,binanceus
2024-07-11 00:00:00+00:00,3096.92,3215.28,3055.58,3100.02,188.7596,ETH/USDT,binanceus
2024-07-12 00:00:00+00:00,3100.34,3156.92,3047.71,3134.76,164.0836,ETH/USDT,binanceus
2024-07-13 00:00:00+00:00,3132.67,3198.76,3112.29,3173.03,145.307,ETH/USDT,binanceus
2024-07-14 00:00:00+00:00,3177.18,3266.66,3164.53,3245.09,176.9326,ETH/USDT,binanceus
2024-07-15 00:00:00+00:00,3245.73,3488.78,3234.16,3475.01,250.7981,ETH/USDT,binanceus
2024-07-16 00:00:00+00:00,3477.73,3489.98,3347.49,3443.28,338.5714,ETH/USDT,binanceus
2024-07-17 00:00:00+00:00,3445.01,3514.29,3378.26,3389.9,215.7154,ETH/USDT,binanceus
2024-07-18 00:00:00+00:00,3388.7,3488.78,3383.47,3429.92,220.8623,ETH/USDT,binanceus
2024-07-19 00:00:00+00:00,3429.79,3539.05,3390.0,3506.09,281.9234,ETH/USDT,binanceus
2024-07-20 00:00:00+00:00,3502.99,3539.91,3481.09,3520.57,116.4631,ETH/USDT,binanceus
2024-07-21 00:00:00+00:00,3518.64,3546.42,3413.5,3534.72,190.963,ETH/USDT,binanceus
2024-07-22 00:00:00+00:00,3537.77,3559.76,3424.06,3441.54,189.7747,ETH/USDT,binanceus
2024-07-23 00:00:00+00:00,3438.84,3538.45,3390.0,3482.5,287.145,ETH/USDT,binanceus
2024-07-24 00:00:00+00:00,3483.38,3485.52,3313.03,3333.85,343.6381,ETH/USDT,binanceus
2024-07-25 00:00:00+00:00,3334.91,3343.59,3100.0,3178.08,412.7127,ETH/USDT,binanceus
2024-07-26 00:00:00+00:00,3181.77,3284.05,3179.62,3274.46,195.1838,ETH/USDT,binanceus
2024-07-27 00:00:00+00:00,3275.72,3327.16,3182.0,3249.22,233.9824,ETH/USDT,binanceus
2024-07-28 00:00:00+00:00,3247.29,3282.63,3200.05,3272.14,87.3505,ETH/USDT,binanceus
2024-07-29 00:00:00+00:00,3268.06,3395.36,3259.4,3320.52,223.6728,ETH/USDT,binanceus
2024-07-30 00:00:00+00:00,3319.43,3364.99,3235.56,3280.49,147.2977,ETH/USDT,binanceus
2024-07-31 00:00:00+00:00,3278.06,3350.28,3214.89,3232.95,146.0637,ETH/USDT,binanceus
2024-08-01 00:00:00+00:00,3231.73,3243.2,3081.42,3205.94,226.3665,ETH/USDT,binanceus
2024-08-02 00:00:00+00:00,3204.73,3218.44,2970.0,2989.58,342.6071,ETH/USDT,binanceus
2024-08-03 00:00:00+00:00,2987.4,3016.92,2861.62,2907.82,339.1386,ETH/USDT,binanceus
2024-08-04 00:00:00+00:00,2904.99,2933.73,2652.68,2697.33,369.9619,ETH/USDT,binanceus
2024-08-05 00:00:00+00:00,2697.2,2697.36,2184.69,2410.26,936.7099,ETH/USDT,binanceus
2024-08-06 00:00:00+00:00,2416.76,2551.16,2416.76,2460.09,264.7106,ETH/USDT,binanceus
2024-08-07 00:00:00+00:00,2461.68,2548.25,2312.35,2339.72,549.6627,ETH/USDT,binanceus
2024-08-08 00:00:00+00:00,2343.79,2720.1,2322.36,2685.97,397.422,ETH/USDT,binanceus
2024-08-09 00:00:00+00:00,2682.55,2705.83,2554.8,2599.14,225.5715,ETH/USDT,binanceus
2024-08-10 00:00:00+00:00,2599.75,2642.81,2576.77,2608.0,114.9087,ETH/USDT,binanceus
2024-08-11 00:00:00+00:00,2608.0,2717.52,2541.25,2554.55,285.8378,ETH/USDT,binanceus
2024-08-12 00:00:00+00:00,2554.58,2747.82,2512.0,2724.27,259.1647,ETH/USDT,binanceus
2024-08-13 00:00:00+00:00,2721.48,2733.71,2612.5,2701.66,411.7548,ETH/USDT,binanceus
2024-08-14 00:00:00+00:00,2703.52,2778.99,2626.93,2662.18,341.5072,ETH/USDT,binanceus
2024-08-15 00:00:00+00:00,2660.91,2674.18,2517.7,2567.92,221.3424,ETH/USDT,binanceus
2024-08-16 00:00:00+00:00,2570.05,2627.71,2551.25,2593.04,231.0216,ETH/USDT,binanceus
2024-08-17 00:00:00+00:00,2591.18,2624.26,2586.93,2612.18,130.3086,ETH/USDT,binanceus
2024-08-18 00:00:00+00:00,2613.63,2684.07,2595.86,2612.44,190.4817,ETH/USDT,binanceus
2024-08-19 00:00:00+00:00,2611.66,2647.32,2565.44,2636.0,128.0882,ETH/USDT,binanceus
2024-08-20 00:00:00+00:00,2636.0,2694.2,2556.08,2573.3,243.7964,ETH/USDT,binanceus
2024-08-21 00:00:00+00:00,2574.3,2662.58,2537.84,2631.39,187.4742,ETH/USDT,binanceus
2024-08-22 00:00:00+00:00,2631.36,2641.71,2585.78,2620.53,102.6591,ETH/USDT,binanceus
2024-08-23 00:00:00+00:00,2622.41,2798.19,2620.89,2762.0,240.7762,ETH/USDT,binanceus
2024-08-24 00:00:00+00:00,2762.0,2819.4,2733.6,2766.63,209.7122,ETH/USDT,binanceus
2024-08-25 00:00:00+00:00,2767.64,2791.52,2735.56,2747.35,80.2529,ETH/USDT,binanceus
2024-08-26 00:00:00+00:00,2747.36,2762.51,2667.78,2682.79,69.1532,ETH/USDT,binanceus
2024-08-27 00:00:00+00:00,2682.48,2698.5,2404.35,2456.47,331.7764,ETH/USDT,binanceus
2024-08-28 00:00:00+00:00,2452.55,2553.66,2422.08,2526.82,221.1633,ETH/USDT,binanceus
2024-08-29 00:00:00+00:00,2531.48,2593.47,2505.42,2527.55,113.6293,ETH/USDT,binanceus
2024-08-30 00:00:00+00:00,2526.45,2551.03,2434.79,2528.03,144.4679,ETH/USDT,binanceus
2024-08-31 00:00:00+00:00,2525.36,2532.34,2493.3,2513.17,56.7846,ETH/USDT,binanceus
2024-09-01 00:00:00+00:00,2513.66,2515.79,2401.1,2429.64,219.9537,ETH/USDT,binanceus
2024-09-02 00:00:00+00:00,2426.59,2563.0,2426.59,2539.23,125.5994,ETH/USDT,binanceus
2024-09-03 00:00:00+00:00,2537.09,2553.6,2421.13,2426.44,135.7685,ETH/USDT,binanceus
2024-09-04 00:00:00+00:00,2427.7,2487.5,2309.32,2447.9,268.1334,ETH/USDT,binanceus
2024-09-05 00:00:00+00:00,2447.92,2463.58,2350.0,2369.49,159.9787,ETH/USDT,binanceus
2024-09-06 00:00:00+00:00,2369.45,2407.8,2151.25,2224.95,378.0032,ETH/USDT,binanceus
2024-09-07 00:00:00+00:00,2224.75,2311.22,2221.9,2278.74,125.2389,ETH/USDT,binanceus
2024-09-08 00:00:00+00:00,2276.0,2331.53,2246.18,2295.18,193.4812,ETH/USDT,binanceus
2024-09-09 00:00:00+00:00,2297.36,2379.11,2274.75,2356.06,354.9884,ETH/USDT,binanceus
2024-09-10 00:00:00+00:00,2358.03,2395.0,2320.9,2388.37,369.3748,ETH/USDT,binanceus
2024-09-11 00:00:00+00:00,2389.01,2389.01,2278.8,2338.2,253.6507,ETH/USDT,binanceus
2024-09-12 00:00:00+00:00,2339.43,2389.35,2316.52,2359.18,198.4834,ETH/USDT,binanceus
2024-09-13 00:00:00+00:00,2361.9,2454.61,2339.32,2436.84,225.333,ETH/USDT,binanceus
2024-09-14 00:00:00+00:00,2439.98,2439.98,2381.11,2417.22,124.195,ETH/USDT,binanceus
2024-09-15 00:00:00+00:00,2416.94,2429.65,2287.41,2319.1,279.5025,ETH/USDT,binanceus
2024-09-16 00:00:00+00:00,2315.93,2333.03,2253.04,2295.69,242.0616,ETH/USDT,binanceus
2024-09-17 00:00:00+00:00,2294.58,2399.46,2264.2,2339.86,262.277,ETH/USDT,binanceus
2024-09-18 00:00:00+00:00,2338.94,2374.54,2277.27,2367.82,396.5549,ETH/USDT,binanceus
2024-09-19 00:00:00+00:00,2368.87,2492.8,2368.87,2460.06,442.6462,ETH/USDT,binanceus
2024-09-20 00:00:00+00:00,2460.46,2571.47,2436.24,2559.52,457.8711,ETH/USDT,binanceus
2024-09-21 00:00:00+00:00,2562.2,2621.16,2531.62,2614.0,162.2234,ETH/USDT,binanceus
2024-09-22 00:00:00+00:00,2614.43,2631.4,2526.4,2582.93,171.4258,ETH/USDT,binanceus
2024-09-23 00:00:00+00:00,2580.17,2701.0,2541.25,2646.91,296.8912,ETH/USDT,binanceus
2024-09-24 00:00:00+00:00,2649.0,2669.5,2590.0,2653.98,317.7596,ETH/USDT,binanceus
2024-09-25 00:00:00+00:00,2651.33,2671.26,2556.63,2576.96,175.3097,ETH/USDT,binanceus
2024-09-26 00:00:00+00:00,2577.04,2664.69,2558.56,2632.69,298.4704,ETH/USDT,binanceus
2024-09-27 00:00:00+00:00,2631.94,2725.69,2616.59,2695.0,138.7252,ETH/USDT,binanceus
2024-09-28 00:00:00+00:00,2695.0,2703.87,2650.88,2675.6,82.0516,ETH/USDT,binanceus
2024-09-29 00:00:00+00:00,2677.03,2682.81,2634.72,2657.77,86.5762,ETH/USDT,binanceus
2024-09-30 00:00:00+00:00,2657.74,2660.52,2576.77,2602.58,217.6521,ETH/USDT,binanceus
2024-10-01 00:00:00+00:00,2601.59,2656.12,2426.01,2453.73,421.5524,ETH/USDT,binanceus
2024-10-02 00:00:00+00:00,2453.73,2500.06,2360.0,2368.27,220.1473,ETH/USDT,binanceus
2024-10-03 00:00:00+00:00,2368.48,2407.02,2316.52,2351.45,124.335,ETH/USDT,binanceus
2024-10-04 00:00:00+00:00,2351.51,2440.03,2344.3,2414.82,88.2379,ETH/USDT,binanceus
2024-10-05 00:00:00+00:00,2415.1,2427.88,2390.46,2409.59,87.6111,ETH/USDT,binanceus
2024-10-06 00:00:00+00:00,2412.61,2452.82,2405.36,2437.51,71.4392,ETH/USDT,binanceus
2024-10-07 00:00:00+00:00,2437.52,2518.28,2406.44,2422.18,264.2053,ETH/USDT,binanceus
2024-10-08 00:00:00+00:00,2422.17,2465.66,2402.94,2441.67,128.2935,ETH/USDT,binanceus
2024-10-09 00:00:00+00:00,2441.67,2471.76,2351.87,2368.1,133.3565,ETH/USDT,binanceus
2024-10-10 00:00:00+00:00,2371.86,2419.11,2332.21,2384.36,128.9592,ETH/USDT,binanceus
2024-10-11 00:00:00+00:00,2384.99,2467.66,2381.85,2436.97,151.7271,ETH/USDT,binanceus
2024-10-12 00:00:00+00:00,2439.4,2484.85,2432.7,2471.83,180.4791,ETH/USDT,binanceus
2024-10-13 00:00:00+00:00,2471.81,2479.95,2437.2,2469.18,55.6201,ETH/USDT,binanceus
2024-10-14 00:00:00+00:00,2465.3,2642.8,2443.67,2628.53,302.0188,ETH/USDT,binanceus
2024-10-15 00:00:00+00:00,2628.53,2674.0,2538.75,2604.24,266.3226,ETH/USDT,binanceus
2024-10-16 00:00:00+00:00,2606.4,2646.15,2591.56,2610.69,71.8551,ETH/USDT,binanceus
2024-10-17 00:00:00+00:00,2610.77,2645.58,2576.77,2605.93,111.4992,ETH/USDT,binanceus
2024-10-18 00:00:00+00:00,2605.84,2674.0,2596.49,2640.44,137.5948,ETH/USDT,binanceus
2024-10-19 00:00:00+00:00,2640.5,2662.77,2631.0,2647.85,78.9369,ETH/USDT,binanceus
2024-10-20 00:00:00+00:00,2648.72,2750.0,2635.84,2743.06,202.9215,ETH/USDT,binanceus
2024-10-21 00:00:00+00:00,2744.3,2761.0,2656.98,2662.46,173.8234,ETH/USDT,binanceus
2024-10-22 00:00:00+00:00,2660.27,2669.04,2605.64,2621.11,406.0901,ETH/USDT,binanceus
2024-10-23 00:00:00+00:00,2619.84,2626.6,2453.65,2525.09,532.9348,ETH/USDT,binanceus
2024-10-24 00:00:00+00:00,2525.07,2560.32,2509.77,2536.29,372.8713,ETH/USDT,binanceus
2024-10-25 00:00:00+00:00,2536.57,2562.52,2384.0,2440.19,596.8376,ETH/USDT,binanceus
2024-10-26 00:00:00+00:00,2442.68,2506.56,2431.7,2483.69,309.571,ETH/USDT,binanceus
2024-10-27 00:00:00+00:00,2481.99,2522.5,2464.79,2504.26,168.5771,ETH/USDT,binanceus
2024-10-28 00:00:00+00:00,2507.67,2585.84,2473.17,2563.5,300.4196,ETH/USDT,binanceus
2024-10-29 00:00:00+00:00,2567.46,2676.82,2556.44,2635.89,457.5175,ETH/USDT,binanceus
2024-10-30 00:00:00+00:00,2634.84,2720.9,2603.99,2659.0,438.3486,ETH/USDT,binanceus
2024-10-31 00:00:00+00:00,2659.0,2668.13,2504.26,2517.13,288.6095,ETH/USDT,binanceus
2024-11-01 00:00:00+00:00,2517.1,2583.2,2470.03,2512.8,246.6476,ETH/USDT,binanceus
2024-11-02 00:00:00+00:00,2515.78,2521.6,2471.66,2491.03,88.2374,ETH/USDT,binanceus
2024-11-03 00:00:00+00:00,2491.03,2494.42,2410.62,2454.71,208.8894,ETH/USDT,binanceus
2024-11-04 00:00:00+00:00,2455.13,2484.37,2361.02,2399.66,196.2055,ETH/USDT,binanceus
2024-11-05 00:00:00+00:00,2399.63,2477.78,2384.32,2423.27,218.2591,ETH/USDT,binanceus
2024-11-06 00:00:00+00:00,2421.24,2741.6,2419.24,2719.14,616.0018,ETH/USDT,binanceus
2024-11-07 00:00:00+00:00,2722.73,2913.77,2698.4,2894.53,533.3899,ETH/USDT,binanceus
2024-11-08 00:00:00+00:00,2895.84,2978.59,2886.28,2956.46,373.6749,ETH/USDT,binanceus
2024-11-09 00:00:00+00:00,2962.49,3154.99,2955.3,3130.43,465.996,ETH/USDT,binanceus
2024-11-10 00:00:00+00:00,3125.45,3245.3,3071.74,3190.46,806.8012,ETH/USDT,binanceus
2024-11-11 00:00:00+00:00,3186.86,3386.71,3106.7,3373.83,769.2557,ETH/USDT,binanceus
2024-11-12 00:00:00+00:00,3373.58,3438.68,3210.16,3249.46,987.924,ETH/USDT,binanceus
2024-11-13 00:00:00+00:00,3240.68,3330.49,3118.86,3179.48,743.3845,ETH/USDT,binanceus
2024-11-14 00:00:00+00:00,3186.25,3239.39,3031.95,3055.88,753.3466,ETH/USDT,binanceus
2024-11-15 00:00:00+00:00,3055.63,3117.37,2941.53,3091.63,685.7729,ETH/USDT,binanceus
2024-11-16 00:00:00+00:00,3092.08,3219.16,3073.03,3133.61,432.6583,ETH/USDT,binanceus
2024-11-17 00:00:00+00:00,3131.59,3158.23,3036.65,3073.01,373.7207,ETH/USDT,binanceus
2024-11-18 00:00:00+00:00,3074.9,3215.86,3050.44,3204.11,485.7241,ETH/USDT,binanceus
2024-11-19 00:00:00+00:00,3204.11,3219.17,3068.17,3105.68,518.2674,ETH/USDT,binanceus
2024-11-20 00:00:00+00:00,3104.0,3156.17,3031.8,3066.91,434.2682,ETH/USDT,binanceus
2024-11-21 00:00:00+00:00,3068.05,3381.54,3034.0,3355.54,998.1062,ETH/USDT,binanceus
2024-11-22 00:00:00+00:00,3357.08,3423.01,3262.68,3323.63,457.0415,ETH/USDT,binanceus
2024-11-23 00:00:00+00:00,3328.21,3494.73,3315.69,3394.12,728.0222,ETH/USDT,binanceus
2024-11-24 00:00:00+00:00,3392.13,3447.59,3288.22,3367.72,525.2121,ETH/USDT,binanceus
2024-11-25 00:00:00+00:00,3358.81,3539.57,3305.08,3418.5,1003.2548,ETH/USDT,binanceus
2024-11-26 00:00:00+00:00,3417.56,3461.09,3250.71,3322.88,467.3911,ETH/USDT,binanceus
2024-11-27 00:00:00+00:00,3322.88,3682.89,3303.75,3654.31,738.7901,ETH/USDT,binanceus
2024-11-28 00:00:00+00:00,3658.47,3659.0,3532.01,3579.99,354.1338,ETH/USDT,binanceus
2024-11-29 00:00:00+00:00,3575.63,3642.68,3538.82,3598.53,299.7246,ETH/USDT,binanceus
2024-11-30 00:00:00+00:00,3590.98,3735.23,3570.85,3704.22,441.7694,ETH/USDT,binanceus
2024-12-01 00:00:00+00:00,3713.75,3743.99,3661.46,3705.48,273.6878,ETH/USDT,binanceus
2024-12-02 00:00:00+00:00,3709.09,3761.02,3559.74,3640.81,726.2083,ETH/USDT,binanceus
2024-12-03 00:00:00+00:00,3634.7,3665.14,3505.5,3615.37,449.4664,ETH/USDT,binanceus
2024-12-04 00:00:00+00:00,3612.94,3884.93,3612.94,3839.51,835.4075,ETH/USDT,binanceus
2024-12-05 00:00:00+00:00,3835.28,3950.0,3700.0,3789.94,821.2089,ETH/USDT,binanceus
2024-12-06 00:00:00+00:00,3789.94,4082.57,3782.44,3992.36,782.569,ETH/USDT,binanceus
2024-12-07 00:00:00+00:00,3999.97,4019.91,3970.62,4004.5,226.085,ETH/USDT,binanceus
2024-12-08 00:00:00+00:00,3997.79,4012.63,3928.62,4012.63,291.4304,ETH/USDT,binanceus
2024-12-09 00:00:00+00:00,4004.44,4004.44,3474.2,3717.74,943.7803,ETH/USDT,binanceus
2024-12-10 00:00:00+00:00,3710.79,3776.64,3524.55,3626.38,528.7082,ETH/USDT,binanceus
2024-12-11 00:00:00+00:00,3627.55,3845.43,3565.62,3831.5,264.0431,ETH/USDT,binanceus
2024-12-12 00:00:00+00:00,3829.77,3983.81,3800.11,3883.0,540.2288,ETH/USDT,binanceus
2024-12-13 00:00:00+00:00,3883.0,3967.72,3855.2,3909.02,350.8674,ETH/USDT,binanceus
2024-12-14 00:00:00+00:00,3909.02,3944.99,3827.06,3871.96,153.8295,ETH/USDT,binanceus
2024-12-15 00:00:00+00:00,3870.39,3966.79,3834.78,3958.58,248.1573,ETH/USDT,binanceus
2024-12-16 00:00:00+00:00,3958.58,4100.0,3886.83,3983.48,520.4678,ETH/USDT,binanceus
2024-12-17 00:00:00+00:00,3988.11,4038.02,3851.73,3892.51,323.4632,ETH/USDT,binanceus
2024-12-18 00:00:00+00:00,3892.51,3903.34,3622.67,3630.23,1369.1085,ETH/USDT,binanceus
2024-12-19 00:00:00+00:00,3630.15,3717.23,3340.18,3425.27,674.6335,ETH/USDT,binanceus
2024-12-20 00:00:00+00:00,3418.1,3495.54,3105.68,3467.91,427.1322,ETH/USDT,binanceus
2024-12-21 00:00:00+00:00,3473.4,3554.03,3295.84,3339.67,168.0332,ETH/USDT,binanceus
2024-12-22 00:00:00+00:00,3340.33,3402.67,3224.14,3276.8,143.494,ETH/USDT,binanceus
2024-12-23 00:00:00+00:00,3288.39,3469.58,3220.0,3425.88,302.5085,ETH/USDT,binanceus
2024-12-24 00:00:00+00:00,3420.78,3538.18,3370.55,3495.72,143.0127,ETH/USDT,binanceus
2024-12-25 00:00:00+00:00,3491.35,3545.14,3441.52,3497.4,143.285,ETH/USDT,binanceus
2024-12-26 00:00:00+00:00,3497.4,3513.69,3307.45,3333.29,261.0334,ETH/USDT,binanceus
2024-12-27 00:00:00+00:00,3335.56,3442.89,3308.24,3331.73,169.7208,ETH/USDT,binanceus
2024-12-28 00:00:00+00:00,3336.41,3425.52,3322.98,3405.61,134.4461,ETH/USDT,binanceus
2024-12-29 00:00:00+00:00,3400.31,3411.75,3327.29,3355.38,95.8079,ETH/USDT,binanceus
2024-12-30 00:00:00+00:00,3355.61,3436.34,3306.52,3361.91,275.6225,ETH/USDT,binanceus
2024-12-31 00:00:00+00:00,3357.57,3446.43,3315.77,3334.87,137.0393,ETH/USDT,binanceus
2025-01-01 00:00:00+00:00,3335.11,3374.46,3317.62,3361.33,158.8813,ETH/USDT,binanceus
2025-01-02 00:00:00+00:00,3361.85,3508.25,3355.74,3454.18,194.7153,ETH/USDT,binanceus
2025-01-03 00:00:00+00:00,3456.32,3628.98,3423.91,3610.47,185.1404,ETH/USDT,binanceus
2025-01-04 00:00:00+00:00,3610.31,3671.48,3574.93,3656.5,124.2245,ETH/USDT,binanceus
2025-01-05 00:00:00+00:00,3657.71,3675.0,3595.76,3636.34,89.8339,ETH/USDT,binanceus
2025-01-06 00:00:00+00:00,3638.58,3741.9,3612.44,3684.95,254.6927,ETH/USDT,binanceus
2025-01-07 00:00:00+00:00,3686.73,3697.99,3358.79,3379.47,407.604,ETH/USDT,binanceus
2025-01-08 00:00:00+00:00,3381.0,3413.63,3213.18,3326.49,196.6637,ETH/USDT,binanceus
2025-01-09 00:00:00+00:00,3328.53,3356.72,3174.36,3223.02,157.8548,ETH/USDT,binanceus
2025-01-10 00:00:00+00:00,3222.95,3320.43,3197.96,3269.76,114.9576,ETH/USDT,binanceus
2025-01-11 00:00:00+00:00,3269.67,3316.83,3221.7,3285.23,42.8127,ETH/USDT,binanceus
2025-01-12 00:00:00+00:00,3283.03,3298.5,3225.62,3267.8,54.0956,ETH/USDT,binanceus
2025-01-13 00:00:00+00:00,3268.92,3336.93,2931.0,3131.44,353.3559,ETH/USDT,binanceus
2025-01-14 00:00:00+00:00,3137.84,3255.79,3128.86,3223.11,238.7589,ETH/USDT,binanceus
2025-01-15 00:00:00+00:00,3225.32,3471.25,3199.1,3451.98,359.3374,ETH/USDT,binanceus
2025-01-16 00:00:00+00:00,3453.32,3456.4,3266.95,3311.09,323.18,ETH/USDT,binanceus
2025-01-17 00:00:00+00:00,3310.1,3525.37,3308.4,3474.23,267.0296,ETH/USDT,binanceus
2025-01-18 00:00:00+00:00,3474.23,3494.63,3240.0,3307.76,336.1065,ETH/USDT,binanceus
2025-01-19 00:00:00+00:00,3307.68,3447.41,3133.41,3220.82,933.4455,ETH/USDT,binanceus
2025-01-20 00:00:00+00:00,3219.64,3450.0,3150.0,3277.13,424.6078,ETH/USDT,binanceus
2025-01-21 00:00:00+00:00,3284.53,3363.67,3208.35,3319.65,314.3921,ETH/USDT,binanceus
2025-01-22 00:00:00+00:00,3320.41,3362.67,3226.94,3240.0,131.48,ETH/USDT,binanceus
2025-01-23 00:00:00+00:00,3245.38,3344.24,3189.0,3332.01,237.6931,ETH/USDT,binanceus
2025-01-24 00:00:00+00:00,3342.1,3425.34,3279.06,3312.5,178.3688,ETH/USDT,binanceus
2025-01-25 00:00:00+00:00,3308.82,3349.81,3270.01,3317.07,124.8773,ETH/USDT,binanceus
2025-01-26 00:00:00+00:00,3318.0,3360.36,3231.44,3231.44,158.8828,ETH/USDT,binanceus
2025-01-27 00:00:00+00:00,3231.07,3251.84,3025.81,3179.71,327.5293,ETH/USDT,binanceus
2025-01-28 00:00:00+00:00,3182.94,3222.26,3044.52,3074.68,167.9411,ETH/USDT,binanceus
2025-01-29 00:00:00+00:00,3079.34,3177.74,3055.34,3111.33,97.0789,ETH/USDT,binanceus
2025-01-30 00:00:00+00:00,3116.55,3280.81,3092.11,3245.21,120.4155,ETH/USDT,binanceus
2025-01-31 00:00:00+00:00,3245.98,3427.58,3215.29,3297.7,297.0013,ETH/USDT,binanceus
2025-02-01 00:00:00+00:00,3293.21,3330.47,3103.4,3116.75,128.3173,ETH/USDT,binanceus
2025-02-02 00:00:00+00:00,3114.34,3160.77,2779.96,2863.7,570.8313,ETH/USDT,binanceus
2025-02-03 00:00:00+00:00,2869.69,2917.71,2180.88,2884.16,869.9491,ETH/USDT,binanceus
2025-02-04 00:00:00+00:00,2880.27,2885.79,2636.15,2738.0,354.2066,ETH/USDT,binanceus
2025-02-05 00:00:00+00:00,2731.22,2825.83,2701.67,2783.57,175.4171,ETH/USDT,binanceus
2025-02-06 00:00:00+00:00,2792.81,2855.92,2661.22,2687.18,429.8139,ETH/USDT,binanceus
2025-02-07 00:00:00+00:00,2690.91,2796.34,2565.16,2623.58,109.8378,ETH/USDT,binanceus
2025-02-08 00:00:00+00:00,2616.75,2664.86,2591.27,2636.54,85.7929,ETH/USDT,binanceus
2025-02-09 00:00:00+00:00,2633.75,2696.63,2527.82,2629.27,242.4194,ETH/USDT,binanceus
2025-02-10 00:00:00+00:00,2629.74,2691.21,2564.37,2659.29,220.7312,ETH/USDT,binanceus
2025-02-11 00:00:00+00:00,2661.97,2724.79,2568.03,2602.61,409.6962,ETH/USDT,binanceus
2025-02-12 00:00:00+00:00,2600.0,2792.81,2548.84,2738.15,282.8987,ETH/USDT,binanceus
2025-02-13 00:00:00+00:00,2735.75,2752.94,2616.0,2673.41,166.9376,ETH/USDT,binanceus
2025-02-14 00:00:00+00:00,2672.88,2792.39,2664.19,2726.58,135.7401,ETH/USDT,binanceus
2025-02-15 00:00:00+00:00,2726.47,2739.08,2668.75,2693.14,73.8066,ETH/USDT,binanceus
2025-02-16 00:00:00+00:00,2691.83,2723.54,2655.6,2659.08,61.294,ETH/USDT,binanceus
2025-02-17 00:00:00+00:00,2662.04,2845.41,2643.02,2743.12,405.2204,ETH/USDT,binanceus
2025-02-18 00:00:00+00:00,2742.87,2747.74,2609.12,2671.26,491.9839,ETH/USDT,binanceus
2025-02-19 00:00:00+00:00,2670.41,2733.99,2656.43,2715.33,365.1715,ETH/USDT,binanceus
2025-02-20 00:00:00+00:00,2716.85,2768.39,2709.0,2742.71,286.0758,ETH/USDT,binanceus
2025-02-21 00:00:00+00:00,2741.13,2840.0,2618.75,2658.39,406.986,ETH/USDT,binanceus
2025-02-22 00:00:00+00:00,2662.53,2795.63,2658.82,2762.49,197.6974,ETH/USDT,binanceus
2025-02-23 00:00:00+00:00,2762.31,2852.5,2746.13,2820.79,327.4372,ETH/USDT,binanceus
2025-02-24 00:00:00+00:00,2825.72,2834.15,2475.31,2510.86,426.1863,ETH/USDT,binanceus
2025-02-25 00:00:00+00:00,2523.27,2531.54,2331.03,2495.13,431.344,ETH/USDT,binanceus
2025-02-26 00:00:00+00:00,2497.7,2507.53,2258.55,2329.32,412.5454,ETH/USDT,binanceus
2025-02-27 00:00:00+00:00,2336.95,2379.53,2237.73,2306.41,267.7821,ETH/USDT,binanceus
2025-02-28 00:00:00+00:00,2308.83,2313.05,2080.58,2236.5,796.6223,ETH/USDT,binanceus
2025-03-01 00:00:00+00:00,2235.63,2278.78,2143.93,2214.54,136.5116,ETH/USDT,binanceus
2025-03-02 00:00:00+00:00,2216.95,2546.38,2178.25,2520.75,374.4113,ETH/USDT,binanceus
2025-03-03 00:00:00+00:00,2520.66,2523.55,2100.0,2162.45,609.4293,ETH/USDT,binanceus
2025-03-04 00:00:00+00:00,2158.12,2221.56,1950.0,2175.26,857.4197,ETH/USDT,binanceus
2025-03-05 00:00:00+00:00,2174.1,2269.09,2158.17,2238.45,605.0361,ETH/USDT,binanceus
2025-03-06 00:00:00+00:00,2239.49,2318.21,2180.04,2204.94,405.0581,ETH/USDT,binanceus
2025-03-07 00:00:00+00:00,2204.8,2256.97,2108.12,2140.51,461.8377,ETH/USDT,binanceus
2025-03-08 00:00:00+00:00,2139.05,2232.36,2107.9,2202.15,178.8155,ETH/USDT,binanceus
2025-03-09 00:00:00+00:00,2199.22,2210.33,1992.41,2015.68,337.6958,ETH/USDT,binanceus
2025-03-10 00:00:00+00:00,2017.32,2151.77,1812.82,1870.0,555.4563,ETH/USDT,binanceus
2025-03-11 00:00:00+00:00,1870.25,1962.86,1758.52,1931.48,731.6741,ETH/USDT,binanceus
2025-03-12 00:00:00+00:00,1921.5,1955.0,1831.04,1910.89,318.5843,ETH/USDT,binanceus
2025-03-13 00:00:00+00:00,1907.26,1919.1,1823.69,1859.01,743.2171,ETH/USDT,binanceus
2025-03-14 00:00:00+00:00,1859.34,1942.37,1859.28,1911.77,317.5638,ETH/USDT,binanceus
2025-03-15 00:00:00+00:00,1911.75,1954.0,1904.28,1941.3,286.2539,ETH/USDT,binanceus
2025-03-16 00:00:00+00:00,1937.45,1941.15,1800.0,1886.76,635.169,ETH/USDT,binanceus
2025-03-17 00:00:00+00:00,1887.18,1950.0,1880.19,1928.27,258.4739,ETH/USDT,binanceus
2025-03-18 00:00:00+00:00,1926.73,1933.17,1873.98,1928.8,554.909,ETH/USDT,binanceus
2025-03-19 00:00:00+00:00,1929.47,2064.33,1860.0,2053.88,983.3529,ETH/USDT,binanceus
2025-03-20 00:00:00+00:00,2054.63,2064.34,1860.1,1979.81,363.7804,ETH/USDT,binanceus
2025-03-21 00:00:00+00:00,1978.4,1994.04,1938.78,1964.83,441.3981,ETH/USDT,binanceus
2025-03-22 00:00:00+00:00,1965.2,2005.17,1964.66,1980.49,68.2515,ETH/USDT,binanceus
2025-03-23 00:00:00+00:00,1979.23,2018.11,1979.23,2003.96,151.1314,ETH/USDT,binanceus
2025-03-24 00:00:00+00:00,2003.96,2101.65,1978.01,2082.94,725.6929,ETH/USDT,binanceus
2025-03-25 00:00:00+00:00,2080.31,2098.23,2039.02,2064.58,400.0102,ETH/USDT,binanceus
2025-03-26 00:00:00+00:00,2064.89,2078.14,1984.47,2007.52,602.4725,ETH/USDT,binanceus
2025-03-27 00:00:00+00:00,2008.45,2033.61,1986.89,2002.0,333.5602,ETH/USDT,binanceus
2025-03-28 00:00:00+00:00,2004.11,2015.47,1863.36,1895.89,1034.6878,ETH/USDT,binanceus
2025-03-29 00:00:00+00:00,1896.95,1912.0,1799.06,1828.47,182.8051,ETH/USDT,binanceus
2025-03-30 00:00:00+00:00,1827.52,1847.7,1769.96,1804.35,347.97,ETH/USDT,binanceus
2025-03-31 00:00:00+00:00,1808.69,1850.86,1778.03,1827.07,407.9333,ETH/USDT,binanceus
2025-04-01 00:00:00+00:00,1821.82,1925.0,1819.54,1905.35,596.968,ETH/USDT,binanceus
2025-04-02 00:00:00+00:00,1905.25,1952.76,1783.3,1793.43,612.5814,ETH/USDT,binanceus
2025-04-03 00:00:00+00:00,1794.96,1843.9,1752.56,1819.25,754.3265,ETH/USDT,binanceus
2025-04-04 00:00:00+00:00,1818.44,1833.7,1761.56,1813.04,760.2571,ETH/USDT,binanceus
2025-04-05 00:00:00+00:00,1813.71,1826.36,1765.92,1805.4,295.3175,ETH/USDT,binanceus
2025-04-06 00:00:00+00:00,1805.39,1814.99,1540.52,1577.55,1070.4534,ETH/USDT,binanceus
2025-04-07 00:00:00+00:00,1577.02,1635.43,1413.76,1554.1,1128.3986,ETH/USDT,binanceus
2025-04-08 00:00:00+00:00,1551.0,1615.86,1449.58,1472.65,630.794,ETH/USDT,binanceus
2025-04-09 00:00:00+00:00,1475.18,1685.09,1386.53,1668.6,692.5618,ETH/USDT,binanceus
2025-04-10 00:00:00+00:00,1666.44,1666.5,1474.19,1522.57,666.0758,ETH/USDT,binanceus
2025-04-11 00:00:00+00:00,1522.57,1588.45,1507.03,1569.0,367.648,ETH/USDT,binanceus
2025-04-12 00:00:00+00:00,1563.82,1668.52,1548.16,1645.65,223.7508,ETH/USDT,binanceus
2025-04-13 00:00:00+00:00,1643.6,1649.54,1562.99,1598.57,188.8889,ETH/USDT,binanceus
2025-04-14 00:00:00+00:00,1600.35,1690.09,1596.17,1622.17,236.7962,ETH/USDT,binanceus
2025-04-15 00:00:00+00:00,1626.91,1659.55,1583.81,1587.68,81.8306,ETH/USDT,binanceus
2025-04-16 00:00:00+00:00,1587.68,1612.65,1541.0,1578.01,234.6426,ETH/USDT,binanceus
2025-04-17 00:00:00+00:00,1579.48,1615.33,1565.15,1581.83,131.3966,ETH/USDT,binanceus
2025-04-18 00:00:00+00:00,1579.66,1598.43,1574.82,1589.33,55.0487,ETH/USDT,binanceus
2025-04-19 00:00:00+00:00,1588.3,1629.89,1585.0,1613.53,47.5088,ETH/USDT,binanceus
2025-04-20 00:00:00+00:00,1612.05,1619.34,1565.94,1585.7,49.7267,ETH/USDT,binanceus
2025-04-21 00:00:00+00:00,1588.61,1656.9,1564.12,1580.5,167.8624,ETH/USDT,binanceus
2025-04-22 00:00:00+00:00,1577.94,1775.71,1540.27,1756.56,372.6549,ETH/USDT,binanceus
2025-04-23 00:00:00+00:00,1757.3,1833.5,1747.2,1796.25,253.7433,ETH/USDT,binanceus
2025-04-24 00:00:00+00:00,1795.95,1801.29,1723.48,1768.0,238.7881,ETH/USDT,binanceus
2025-04-25 00:00:00+00:00,1767.99,1826.0,1741.61,1785.71,244.7429,ETH/USDT,binanceus
2025-04-26 00:00:00+00:00,1786.35,1839.58,1780.61,1821.14,128.701,ETH/USDT,binanceus
2025-04-27 00:00:00+00:00,1821.45,1855.69,1784.3,1794.69,214.789,ETH/USDT,binanceus
2025-04-28 00:00:00+00:00,1791.77,1826.08,1746.32,1798.54,244.1634,ETH/USDT,binanceus
2025-04-29 00:00:00+00:00,1797.61,1841.11,1781.93,1799.87,242.1404,ETH/USDT,binanceus
2025-04-30 00:00:00+00:00,1797.99,1815.95,1733.75,1794.32,381.8859,ETH/USDT,binanceus
2025-05-01 00:00:00+00:00,1795.14,1870.86,1792.52,1838.31,165.3119,ETH/USDT,binanceus
2025-05-02 00:00:00+00:00,1839.66,1869.52,1812.13,1840.53,136.6768,ETH/USDT,binanceus
2025-05-03 00:00:00+00:00,1842.39,1848.13,1812.0,1832.99,103.9863,ETH/USDT,binanceus
2025-05-04 00:00:00+00:00,1834.59,1849.55,1803.79,1808.17,36.342,ETH/USDT,binanceus
2025-05-05 00:00:00+00:00,1810.99,1831.88,1783.01,1819.05,76.1355,ETH/USDT,binanceus
2025-05-06 00:00:00+00:00,1820.67,1820.67,1751.68,1815.43,94.2121,ETH/USDT,binanceus
2025-05-07 00:00:00+00:00,1816.55,1848.69,1789.16,1812.02,155.8236,ETH/USDT,binanceus
2025-05-08 00:00:00+00:00,1810.7,2223.19,1809.63,2206.67,936.3277,ETH/USDT,binanceus
2025-05-09 00:00:00+00:00,2200.29,2488.35,2184.3,2346.37,691.8352,ETH/USDT,binanceus
2025-05-10 00:00:00+00:00,2343.69,2599.28,2322.23,2583.47,432.3163,ETH/USDT,binanceus
2025-05-11 00:00:00+00:00,2583.99,2604.31,2442.02,2512.17,599.0534,ETH/USDT,binanceus
2025-05-12 00:00:00+00:00,2515.14,2622.72,2409.98,2489.81,594.0451,ETH/USDT,binanceus
2025-05-13 00:00:00+00:00,2489.81,2736.98,2416.98,2686.21,359.7329,ETH/USDT,binanceus
2025-05-14 00:00:00+00:00,2678.01,2723.29,2549.86,2612.63,299.5773,ETH/USDT,binanceus
2025-05-15 00:00:00+00:00,2611.21,2643.99,2481.43,2546.07,316.7284,ETH/USDT,binanceus
2025-05-16 00:00:00+00:00,2548.02,2647.3,2530.46,2536.59,210.7897,ETH/USDT,binanceus
2025-05-17 00:00:00+00:00,2530.78,2534.48,2448.87,2474.9,218.7919,ETH/USDT,binanceus
2025-05-18 00:00:00+00:00,2473.41,2583.05,2327.6,2496.71,390.2953,ETH/USDT,binanceus
2025-05-19 00:00:00+00:00,2503.81,2543.51,2350.91,2533.31,183.2245,ETH/USDT,binanceus
2025-05-20 00:00:00+00:00,2530.47,2588.56,2445.89,2524.65,162.0738,ETH/USDT,binanceus
2025-05-21 00:00:00+00:00,2522.47,2612.87,2472.95,2549.96,1220.2671,ETH/USDT,binanceus
2025-05-22 00:00:00+00:00,2548.94,2690.88,2548.94,2664.71,365.1348,ETH/USDT,binanceus
2025-05-23 00:00:00+00:00,2654.39,2731.72,2504.96,2516.3,431.6383,ETH/USDT,binanceus
2025-05-24 00:00:00+00:00,2524.03,2574.63,2518.18,2529.03,92.7511,ETH/USDT,binanceus
2025-05-25 00:00:00+00:00,2534.89,2552.88,2466.35,2552.1,158.8341,ETH/USDT,binanceus
2025-05-26 00:00:00+00:00,2552.42,2596.87,2528.04,2563.07,138.0708,ETH/USDT,binanceus
2025-05-27 00:00:00+00:00,2565.05,2708.34,2512.7,2665.1,330.5946,ETH/USDT,binanceus
2025-05-28 00:00:00+00:00,2660.37,2686.99,2610.0,2680.18,214.4105,ETH/USDT,binanceus
2025-05-29 00:00:00+00:00,2681.42,2779.0,2617.6,2632.51,571.4894,ETH/USDT,binanceus
2025-05-30 00:00:00+00:00,2632.65,2649.18,2510.57,2529.21,298.9404,ETH/USDT,binanceus
2025-05-31 00:00:00+00:00,2528.35,2549.86,2480.0,2529.47,224.8929,ETH/USDT,binanceus
2025-06-01 00:00:00+00:00,2526.2,2545.96,2470.07,2534.16,162.7549,ETH/USDT,binanceus
2025-06-02 00:00:00+00:00,2536.21,2613.39,2476.54,2603.78,338.5264,ETH/USDT,binanceus
2025-06-03 00:00:00+00:00,2606.51,2651.66,2579.27,2589.22,217.4496,ETH/USDT,binanceus
2025-06-04 00:00:00+00:00,2594.23,2678.04,2585.02,2607.28,108.3062,ETH/USDT,binanceus
2025-06-05 00:00:00+00:00,2605.07,2640.29,2393.89,2417.83,386.0963,ETH/USDT,binanceus
2025-06-06 00:00:00+00:00,2413.64,2529.82,2390.0,2479.62,366.841,ETH/USDT,binanceus
2025-06-07 00:00:00+00:00,2477.18,2542.89,2457.83,2526.29,180.9331,ETH/USDT,binanceus
2025-06-08 00:00:00+00:00,2525.29,2546.37,2493.17,2508.6,79.2409,ETH/USDT,binanceus
2025-06-09 00:00:00+00:00,2509.12,2686.6,2478.56,2679.87,260.8114,ETH/USDT,binanceus
2025-06-10 00:00:00+00:00,2679.74,2825.83,2657.7,2813.87,596.3098,ETH/USDT,binanceus
2025-06-11 00:00:00+00:00,2811.06,2877.16,2744.93,2770.75,497.6279,ETH/USDT,binanceus
2025-06-12 00:00:00+00:00,2769.93,2783.24,2619.28,2645.61,536.2038,ETH/USDT,binanceus
2025-06-13 00:00:00+00:00,2642.16,2646.93,2440.0,2582.03,620.2428,ETH/USDT,binanceus
2025-06-14 00:00:00+00:00,2574.78,2574.78,2491.0,2532.58,157.7116,ETH/USDT,binanceus
2025-06-15 00:00:00+00:00,2530.97,2555.47,2491.57,2547.94,203.0409,ETH/USDT,binanceus
2025-06-16 00:00:00+00:00,2543.04,2676.82,2517.17,2539.0,309.6087,ETH/USDT,binanceus
2025-06-17 00:00:00+00:00,2536.08,2615.53,2461.02,2516.22,373.6166,ETH/USDT,binanceus
2025-06-18 00:00:00+00:00,2512.07,2544.81,2469.35,2523.61,352.909,ETH/USDT,binanceus
2025-06-19 00:00:00+00:00,2524.54,2545.31,2486.21,2521.69,195.2985,ETH/USDT,binanceus
2025-06-20 00:00:00+00:00,2519.09,2565.57,2378.01,2407.82,450.6572,ETH/USDT,binanceus
2025-06-21 00:00:00+00:00,2405.44,2447.75,2217.7,2300.0,356.4109,ETH/USDT,binanceus
2025-06-22 00:00:00+00:00,2297.83,2322.69,2115.0,2225.79,568.5776,ETH/USDT,binanceus
2025-06-23 00:00:00+00:00,2226.3,2437.05,2190.16,2412.2,502.4669,ETH/USDT,binanceus
2025-06-24 00:00:00+00:00,2412.05,2478.56,2377.9,2444.68,199.752,ETH/USDT,binanceus
2025-06-25 00:00:00+00:00,2446.62,2465.72,2391.53,2419.16,134.3257,ETH/USDT,binanceus
2025-06-26 00:00:00+00:00,2419.54,2515.0,2396.3,2414.91,242.4542,ETH/USDT,binanceus
2025-06-27 00:00:00+00:00,2417.56,2459.0,2382.17,2421.92,240.3201,ETH/USDT,binanceus
2025-06-28 00:00:00+00:00,2421.77,2447.65,2405.19,2437.4,93.114,ETH/USDT,binanceus
2025-06-29 00:00:00+00:00,2436.9,2522.57,2414.29,2500.61,198.5881,ETH/USDT,binanceus
2025-06-30 00:00:00+00:00,2501.67,2521.58,2436.32,2487.03,346.9442,ETH/USDT,binanceus
2025-07-01 00:00:00+00:00,2487.9,2498.52,2387.64,2402.84,319.0883,ETH/USDT,binanceus
2025-07-02 00:00:00+00:00,2403.24,2615.26,2374.58,2567.25,533.2045,ETH/USDT,binanceus
2025-07-03 00:00:00+00:00,2569.71,2633.47,2558.45,2589.38,267.6266,ETH/USDT,binanceus
2025-07-04 00:00:00+00:00,2590.03,2598.63,2476.41,2511.3,244.9299,ETH/USDT,binanceus
2025-07-05 00:00:00+00:00,2509.63,2528.25,2488.33,2517.6,99.6428,ETH/USDT,binanceus
2025-07-06 00:00:00+00:00,2515.06,2603.59,2505.88,2569.59,141.9644,ETH/USDT,binanceus
2025-07-07 00:00:00+00:00,2572.23,2588.41,2514.18,2545.28,174.7936,ETH/USDT,binanceus
2025-07-08 00:00:00+00:00,2543.09,2626.63,2525.13,2616.36,288.3794,ETH/USDT,binanceus
2025-07-09 00:00:00+00:00,2615.07,2793.89,2591.02,2766.31,382.6171,ETH/USDT,binanceus
2025-07-10 00:00:00+00:00,2770.71,2998.1,2754.56,2952.17,528.627,ETH/USDT,binanceus
2025-07-11 00:00:00+00:00,2952.81,3038.0,2915.65,2959.04,690.9912,ETH/USDT,binanceus
2025-07-12 00:00:00+00:00,2959.04,2977.31,2905.31,2940.46,273.4527,ETH/USDT,binanceus
2025-07-13 00:00:00+00:00,2941.41,3016.0,2936.35,2973.37,300.9207,ETH/USDT,binanceus
2025-07-14 00:00:00+00:00,2969.55,3081.89,2964.21,3012.74,480.8365,ETH/USDT,binanceus
2025-07-15 00:00:00+00:00,3014.52,3142.47,2934.27,3140.8,748.047,ETH/USDT,binanceus
2025-07-16 00:00:00+00:00,3141.92,3423.36,3101.58,3370.92,967.7747,ETH/USDT,binanceus
2025-07-17 00:00:00+00:00,3370.93,3518.85,3315.0,3470.93,883.1869,ETH/USDT,binanceus
2025-07-18 00:00:00+00:00,3477.97,3671.63,3460.3,3548.02,778.3135,ETH/USDT,binanceus
2025-07-19 00:00:00+00:00,3544.56,3603.96,3510.49,3591.95,220.7062,ETH/USDT,binanceus
2025-07-20 00:00:00+00:00,3583.09,3821.94,3575.26,3760.19,684.0276,ETH/USDT,binanceus
2025-07-21 00:00:00+00:00,3750.28,3854.7,3703.16,3767.17,575.7917,ETH/USDT,binanceus
2025-07-22 00:00:00+00:00,3766.5,3789.83,3616.0,3749.89,795.2725,ETH/USDT,binanceus
2025-07-23 00:00:00+00:00,3747.93,3763.63,3529.6,3624.05,446.417,ETH/USDT,binanceus
2025-07-24 00:00:00+00:00,3624.05,3768.94,3509.09,3705.54,345.7538,ETH/USDT,binanceus
2025-07-25 00:00:00+00:00,3707.55,3743.99,3577.97,3720.94,239.818,ETH/USDT,binanceus
2025-07-26 00:00:00+00:00,3720.95,3788.86,3702.09,3740.65,189.9478,ETH/USDT,binanceus
2025-07-27 00:00:00+00:00,3740.7,3875.0,3731.68,3873.34,241.7437,ETH/USDT,binanceus
2025-07-28 00:00:00+00:00,3873.95,3937.99,3756.01,3794.79,385.175,ETH/USDT,binanceus
2025-07-29 00:00:00+00:00,3799.24,3882.7,3719.5,3794.85,355.2876,ETH/USDT,binanceus
2025-07-30 00:00:00+00:00,3794.68,3831.19,3686.64,3810.03,304.347,ETH/USDT,binanceus
2025-07-31 00:00:00+00:00,3809.36,3875.0,3688.61,3694.59,269.6416,ETH/USDT,binanceus
2025-08-01 00:00:00+00:00,3695.04,3722.22,3434.26,3491.19,429.2323,ETH/USDT,binanceus
2025-08-02 00:00:00+00:00,3491.88,3537.35,3370.75,3394.85,299.7443,ETH/USDT,binanceus
2025-08-03 00:00:00+00:00,3403.59,3518.85,3358.03,3499.5,150.118,ETH/USDT,binanceus
2025-08-04 00:00:00+00:00,3496.28,3735.83,3493.99,3723.12,259.2239,ETH/USDT,binanceus
2025-08-05 00:00:00+00:00,3723.13,3723.13,3548.34,3613.2,200.7204,ETH/USDT,binanceus
2025-08-06 00:00:00+00:00,3618.1,3697.11,3564.19,3684.14,169.9711,ETH/USDT,binanceus
2025-08-07 00:00:00+00:00,3683.94,3922.93,3649.67,3916.68,495.2676,ETH/USDT,binanceus
2025-08-08 00:00:00+00:00,3916.58,4067.02,3881.13,4008.63,582.9603,ETH/USDT,binanceus
2025-08-09 00:00:00+00:00,4015.14,4321.38,4007.61,4268.66,516.76549,ETH/USDT,binanceus
2025-08-10 00:00:00+00:00,4268.06,4327.68,4162.57,4254.57,421.2607,ETH/USDT,binanceus
2025-08-11 00:00:00+00:00,4248.25,4362.88,4169.95,4229.51,982.56769,ETH/USDT,binanceus
2025-08-12 00:00:00+00:00,4228.31,4637.6,4219.67,4593.0,664.75103,ETH/USDT,binanceus
2025-08-13 00:00:00+00:00,4586.94,4778.97,4566.98,4750.57,531.53131,ETH/USDT,binanceus
2025-08-14 00:00:00+00:00,4749.43,4784.62,4446.97,4551.71,814.3562,ETH/USDT,binanceus
2025-08-15 00:00:00+00:00,4536.95,4663.58,4370.93,4443.02,464.1227,ETH/USDT,binanceus
2025-08-16 00:00:00+00:00,4437.3,4485.77,4371.5,4422.85,195.2966,ETH/USDT,binanceus
2025-08-17 00:00:00+00:00,4422.84,4570.53,4397.76,4472.92,238.861,ETH/USDT,binanceus
2025-08-18 00:00:00+00:00,4469.11,4478.7,4227.5,4313.96,361.6778,ETH/USDT,binanceus
2025-08-19 00:00:00+00:00,4308.06,4354.22,4070.47,4085.11,606.4971,ETH/USDT,binanceus
2025-08-20 00:00:00+00:00,4084.1,4374.32,4064.99,4338.38,396.4911,ETH/USDT,binanceus
2025-08-21 00:00:00+00:00,4337.1,4339.29,4207.38,4231.45,171.8973,ETH/USDT,binanceus
2025-08-22 00:00:00+00:00,4221.44,4884.99,4210.0,4834.18,1186.01907,ETH/USDT,binanceus
2025-08-23 00:00:00+00:00,4833.72,4833.72,4667.76,4779.79,388.7378,ETH/USDT,binanceus
2025-08-24 00:00:00+00:00,4780.0,4954.75,4714.49,4789.5,571.23518,ETH/USDT,binanceus
2025-08-25 00:00:00+00:00,4781.39,4798.98,4342.84,4391.05,566.1401,ETH/USDT,binanceus
2025-08-26 00:00:00+00:00,4370.77,4629.21,4315.6,4607.01,505.9227,ETH/USDT,binanceus
2025-08-27 00:00:00+00:00,4607.08,4661.1,4481.15,4509.11,383.0315,ETH/USDT,binanceus
2025-08-28 00:00:00+00:00,4495.43,4630.41,4430.85,4512.09,198.291,ETH/USDT,binanceus
2025-08-29 00:00:00+00:00,4508.06,4516.35,4271.16,4360.99,414.9716,ETH/USDT,binanceus
2025-08-30 00:00:00+00:00,4368.03,4410.99,4255.0,4374.56,124.8688,ETH/USDT,binanceus
2025-08-31 00:00:00+00:00,4370.25,4495.82,4370.25,4394.22,116.6216,ETH/USDT,binanceus
2025-09-01 00:00:00+00:00,4394.61,4489.77,4212.0,4306.17,321.6311,ETH/USDT,binanceus
2025-09-02 00:00:00+00:00,4308.05,4414.96,4260.31,4332.63,176.1749,ETH/USDT,binanceus
2025-09-03 00:00:00+00:00,4329.21,4489.99,4284.03,4455.18,188.0003,ETH/USDT,binanceus
2025-09-04 00:00:00+00:00,4445.05,4480.0,4263.27,4306.98,250.7528,ETH/USDT,binanceus
2025-09-05 00:00:00+00:00,4304.96,4486.05,4259.79,4308.29,215.5348,ETH/USDT,binanceus
2025-09-06 00:00:00+00:00,4306.19,4328.56,4242.9,4277.15,85.2,ETH/USDT,binanceus
2025-09-07 00:00:00+00:00,4272.95,4332.97,4271.0,4315.98,63.968,ETH/USDT,binanceus
2025-09-08 00:00:00+00:00,4310.72,4380.32,4281.64,4311.63,180.757,ETH/USDT,binanceus
2025-09-09 00:00:00+00:00,4303.43,4378.95,4280.17,4317.52,185.25,ETH/USDT,binanceus
2025-09-10 00:00:00+00:00,4317.84,4449.5,4286.94,4353.48,181.8499,ETH/USDT,binanceus
2025-09-11 00:00:00+00:00,4344.67,4476.14,4340.01,4464.78,226.3239,ETH/USDT,binanceus
2025-09-12 00:00:00+00:00,4458.21,4737.17,4444.32,4695.7,377.4005,ETH/USDT,binanceus
2025-09-13 00:00:00+00:00,4712.89,4760.0,4606.12,4647.46,177.4305,ETH/USDT,binanceus
2025-09-14 00:00:00+00:00,4667.33,4692.75,4578.85,4606.71,104.9148,ETH/USDT,binanceus
2025-09-15 00:00:00+00:00,4608.35,4667.57,4469.15,4520.64,119.3847,ETH/USDT,binanceus
2025-09-16 00:00:00+00:00,4518.16,4534.37,4426.49,4504.09,168.1531,ETH/USDT,binanceus
2025-09-17 00:00:00+00:00,4499.91,4611.22,4421.2,4588.67,284.0125,ETH/USDT,binanceus
2025-09-18 00:00:00+00:00,4587.32,4638.0,4555.57,4589.13,137.498,ETH/USDT,binanceus
2025-09-19 00:00:00+00:00,4595.28,4620.49,4440.16,4470.04,97.9444,ETH/USDT,binanceus
2025-09-20 00:00:00+00:00,4466.0,4506.18,4453.85,4482.39,83.3364,ETH/USDT,binanceus
2025-09-21 00:00:00+00:00,4482.44,4495.94,4443.49,4443.49,84.3146,ETH/USDT,binanceus
2025-09-22 00:00:00+00:00,4443.53,4458.92,4075.5,4199.23,223.2383,ETH/USDT,binanceus
2025-09-23 00:00:00+00:00,4203.68,4222.11,4119.8,4176.26,100.4805,ETH/USDT,binanceus
2025-09-24 00:00:00+00:00,4160.75,4201.16,4078.05,4143.0,52.8058,ETH/USDT,binanceus
2025-09-25 00:00:00+00:00,4156.19,4164.73,3826.92,3856.4,496.8036,ETH/USDT,binanceus
2025-09-26 00:00:00+00:00,3856.4,4061.73,3854.5,4025.19,352.7069,ETH/USDT,binanceus
2025-09-27 00:00:00+00:00,4019.85,4037.26,3974.06,4012.0,36.9804,ETH/USDT,binanceus
2025-09-28 00:00:00+00:00,4026.57,4138.94,3963.46,4138.94,31.6611,ETH/USDT,binanceus
2025-09-29 00:00:00+00:00,4134.93,4231.1,4079.26,4218.61,47.8262,ETH/USDT,binanceus
2025-09-30 00:00:00+00:00,4217.99,4237.75,4092.52,4141.12,45.114,ETH/USDT,binanceus
2025-10-01 00:00:00+00:00,4148.62,4352.55,4124.78,4332.75,71.0108,ETH/USDT,binanceus
2025-10-02 00:00:00+00:00,4351.33,4509.71,4331.89,4485.03,160.609,ETH/USDT,binanceus
2025-10-03 00:00:00+00:00,4485.59,4588.83,4432.2,4508.49,155.9962,ETH/USDT,binanceus
2025-10-04 00:00:00+00:00,4508.47,4517.74,4441.52,4487.1,65.4716,ETH/USDT,binanceus
2025-10-05 00:00:00+00:00,4480.55,4613.37,4462.82,4509.69,100.318,ETH/USDT,binanceus
2025-10-06 00:00:00+00:00,4510.13,4731.99,4492.02,4674.85,310.7323,ETH/USDT,binanceus
2025-10-07 00:00:00+00:00,4674.85,4747.0,4433.16,4453.42,218.7122,ETH/USDT,binanceus
2025-10-08 00:00:00+00:00,4444.07,4568.64,4414.44,4525.13,136.3437,ETH/USDT,binanceus
2025-10-09 00:00:00+00:00,4533.16,4535.01,4270.05,4364.69,189.749,ETH/USDT,binanceus
2025-10-10 00:00:00+00:00,4371.65,4391.51,3827.0,3857.22,392.6619,ETH/USDT,binanceus
2025-10-11 00:00:00+00:00,3857.27,4002.37,3655.3,3759.8,217.7492,ETH/USDT,binanceus
2025-10-12 00:00:00+00:00,3759.78,4200.0,3698.92,4157.63,193.888,ETH/USDT,binanceus
2025-10-13 00:00:00+00:00,4158.95,4287.83,4045.39,4245.66,127.5805,ETH/USDT,binanceus
2025-10-14 00:00:00+00:00,4253.29,4264.13,3890.52,4125.59,251.8779,ETH/USDT,binanceus
2025-10-15 00:00:00+00:00,4134.51,4213.86,3930.95,3990.85,101.8343,ETH/USDT,binanceus
2025-10-16 00:00:00+00:00,3996.81,4081.36,3829.8,3895.57,119.8285,ETH/USDT,binanceus
2025-10-17 00:00:00+00:00,3886.77,3949.04,3677.97,3831.26,169.9012,ETH/USDT,binanceus
2025-10-18 00:00:00+00:00,3843.83,3927.14,3823.63,3891.49,69.6831,ETH/USDT,binanceus
2025-10-19 00:00:00+00:00,3883.53,4029.0,3833.34,3984.51,95.1742,ETH/USDT,binanceus
2025-10-20 00:00:00+00:00,3973.59,4084.14,3912.0,3982.05,144.5244,ETH/USDT,binanceus
2025-10-21 00:00:00+00:00,3979.58,4107.0,3840.29,3860.71,174.7425,ETH/USDT,binanceus
2025-10-22 00:00:00+00:00,3881.32,3887.22,3714.07,3807.54,104.5116,ETH/USDT,binanceus
2025-10-23 00:00:00+00:00,3810.06,3930.9,3796.66,3859.86,122.3737,ETH/USDT,binanceus
2025-10-24 00:00:00+00:00,3858.71,4015.84,3836.9,3937.79,133.5221,ETH/USDT,binanceus
2025-10-25 00:00:00+00:00,3937.61,3966.45,3916.61,3950.86,60.6244,ETH/USDT,binanceus
2025-10-26 00:00:00+00:00,3955.66,4176.77,3922.08,4163.26,132.8306,ETH/USDT,binanceus
2025-10-27 00:00:00+00:00,4157.59,4250.0,4094.57,4119.27,159.7446,ETH/USDT,binanceus
2025-10-28 00:00:00+00:00,4119.26,4171.7,3935.17,3982.02,173.8805,ETH/USDT,binanceus
2025-10-29 00:00:00+00:00,3980.25,4035.24,3841.28,3906.76,102.0499,ETH/USDT,binanceus
2025-10-30 00:00:00+00:00,3906.75,3952.48,3682.12,3805.08,263.6677,ETH/USDT,binanceus
2025-10-31 00:00:00+00:00,3801.42,3902.31,3796.32,3853.38,155.4753,ETH/USDT,binanceus
2025-11-01 00:00:00+00:00,3853.07,3905.9,3833.19,3873.11,25.5768,ETH/USDT,binanceus
2025-11-02 00:00:00+00:00,3876.9,3915.26,3840.99,3899.46,55.6428,ETH/USDT,binanceus
2025-11-03 00:00:00+00:00,3900.08,3912.76,3560.27,3597.34,255.2608,ETH/USDT,binanceus
2025-11-04 00:00:00+00:00,3598.57,3654.52,3061.04,3303.95,620.9256,ETH/USDT,binanceus
2025-11-05 00:00:00+00:00,3287.49,3484.46,3168.66,3423.37,264.2837,ETH/USDT,binanceus
2025-11-06 00:00:00+00:00,3420.41,3454.09,3248.55,3316.0,176.6699,ETH/USDT,binanceus
2025-11-07 00:00:00+00:00,3316.0,3473.11,3197.82,3434.47,222.8647,ETH/USDT,binanceus
2025-11-08 00:00:00+00:00,3439.22,3485.04,3357.24,3405.79,76.7948,ETH/USDT,binanceus
2025-11-09 00:00:00+00:00,3400.45,3620.88,3361.12,3587.35,139.2165,ETH/USDT,binanceus
2025-11-10 00:00:00+00:00,3588.06,3656.64,3508.74,3562.14,273.8946,ETH/USDT,binanceus
2025-11-11 00:00:00+00:00,3572.23,3646.03,3406.84,3411.52,182.7827,ETH/USDT,binanceus
2025-11-12 00:00:00+00:00,3429.47,3587.49,3372.61,3412.55,135.3086,ETH/USDT,binanceus
2025-11-13 00:00:00+00:00,3417.19,3563.33,3165.0,3240.0,609.7006,ETH/USDT,binanceus
2025-11-14 00:00:00+00:00,3240.0,3254.71,3073.22,3105.95,266.8564,ETH/USDT,binanceus
2025-11-15 00:00:00+00:00,3121.26,3231.36,3119.45,3172.36,74.1071,ETH/USDT,binanceus
2025-11-16 00:00:00+00:00,3172.28,3248.74,3007.85,3099.47,198.6663,ETH/USDT,binanceus
2025-11-17 00:00:00+00:00,3099.72,3220.21,2964.0,3031.21,1251.6322,ETH/USDT,binanceus
2025-11-18 00:00:00+00:00,3026.61,3169.94,2950.0,3125.25,525.1813,ETH/USDT,binanceus
2025-11-19 00:00:00+00:00,3106.93,3122.87,2874.11,3025.96,960.2981,ETH/USDT,binanceus
2025-11-20 00:00:00+00:00,3015.43,3057.88,2795.05,2840.39,269.3022,ETH/USDT,binanceus
2025-11-21 00:00:00+00:00,2840.31,2880.05,2625.27,2767.0,437.8929,ETH/USDT,binanceus
2025-11-22 00:00:00+00:00,2770.96,2799.26,2706.61,2777.09,164.69,ETH/USDT,binanceus
2025-11-23 00:00:00+00:00,2767.89,2856.55,2767.89,2803.83,185.8986,ETH/USDT,binanceus
2025-11-24 00:00:00+00:00,2799.86,2983.61,2764.41,2954.74,327.087,ETH/USDT,binanceus
2025-11-25 00:00:00+00:00,2954.57,2979.11,2857.37,2959.94,227.2303,ETH/USDT,binanceus
2025-11-26 00:00:00+00:00,2958.03,3044.23,2890.48,3019.84,184.1904,ETH/USDT,binanceus
2025-11-27 00:00:00+00:00,3031.85,3069.94,2987.01,3014.25,223.2905,ETH/USDT,binanceus
2025-11-28 00:00:00+00:00,3011.03,3097.12,2994.05,3030.13,175.0793,ETH/USDT,binanceus
2025-11-29 00:00:00+00:00,3038.37,3052.01,2967.08,2989.07,160.5369,ETH/USDT,binanceus
2025-11-30 00:00:00+00:00,2988.46,3051.43,2976.47,2991.69,135.0309,ETH/USDT,binanceus
2025-12-01 00:00:00+00:00,2994.14,2999.11,2721.04,2802.75,197.0264,ETH/USDT,binanceus
2025-12-02 00:00:00+00:00,2800.45,3032.08,2783.17,2993.49,310.0506,ETH/USDT,binanceus
2025-12-03 00:00:00+00:00,2997.13,3215.56,2983.71,3189.53,386.6385,ETH/USDT,binanceus
2025-12-04 00:00:00+00:00,3195.41,3237.85,3067.99,3129.94,236.6984,ETH/USDT,binanceus
2025-12-05 00:00:00+00:00,3139.0,3191.86,2987.03,3019.6,238.2748,ETH/USDT,binanceus
2025-12-06 00:00:00+00:00,3025.6,3063.78,3008.96,3036.78,66.9344,ETH/USDT,binanceus
2025-12-07 00:00:00+00:00,3035.67,3148.73,2924.62,3062.31,110.0513,ETH/USDT,binanceus
2025-12-08 00:00:00+00:00,3068.01,3178.36,3037.15,3124.14,158.4783,ETH/USDT,binanceus
2025-12-09 00:00:00+00:00,3126.47,3397.52,3091.46,3319.3,228.7057,ETH/USDT,binanceus
2025-12-10 00:00:00+00:00,3317.21,3445.49,3290.14,3321.51,299.2842,ETH/USDT,binanceus
2025-12-11 00:00:00+00:00,3327.8,3328.78,3146.02,3236.25,311.6551,ETH/USDT,binanceus
2025-12-12 00:00:00+00:00,3233.91,3264.3,3047.85,3083.62,180.7898,ETH/USDT,binanceus
2025-12-13 00:00:00+00:00,3084.17,3137.49,3075.99,3112.6,56.7239,ETH/USDT,binanceus
2025-12-14 00:00:00+00:00,3112.6,3128.0,3030.0,3065.01,167.153,ETH/USDT,binanceus
2025-12-15 00:00:00+00:00,3067.23,3176.4,2864.36,2965.68,326.42,ETH/USDT,binanceus
2025-12-16 00:00:00+00:00,2964.87,2979.11,2882.44,2963.89,206.5198,ETH/USDT,binanceus
2025-12-17 00:00:00+00:00,2960.78,3026.18,2798.88,2833.0,419.6597,ETH/USDT,binanceus
2025-12-18 00:00:00+00:00,2834.41,2995.3,2774.6,2822.14,334.4055,ETH/USDT,binanceus
2025-12-19 00:00:00+00:00,2832.27,3016.68,2812.93,2984.38,232.9449,ETH/USDT,binanceus
2025-12-20 00:00:00+00:00,2976.85,2994.09,2969.05,2979.58,84.1892,ETH/USDT,binanceus
2025-12-21 00:00:00+00:00,2976.98,3011.67,2945.61,3002.1,108.3054,ETH/USDT,binanceus
2025-12-22 00:00:00+00:00,3004.93,3074.8,2965.62,3009.19,286.925,ETH/USDT,binanceus
2025-12-23 00:00:00+00:00,3007.69,3034.51,2901.1,2963.97,299.8001,ETH/USDT,binanceus
2025-12-24 00:00:00+00:00,2963.38,2976.39,2890.48,2945.46,101.3591,ETH/USDT,binanceus
2025-12-25 00:00:00+00:00,2945.0,2969.54,2892.76,2905.0,166.3722,ETH/USDT,binanceus
2025-12-26 00:00:00+00:00,2905.0,2992.63,2900.0,2931.95,234.2878,ETH/USDT,binanceus
2025-12-27 00:00:00+00:00,2930.44,2957.52,2917.15,2950.4,71.39,ETH/USDT,binanceus
2025-12-28 00:00:00+00:00,2949.07,2959.56,2926.66,2953.1,50.8077,ETH/USDT,binanceus
2025-12-29 00:00:00+00:00,2949.63,3055.26,2916.0,2939.5,290.1651,ETH/USDT,binanceus
2025-12-30 00:00:00+00:00,2938.2,3007.2,2922.09,2974.59,121.3993,ETH/USDT,binanceus
2025-12-31 00:00:00+00:00,2974.0,3023.31,2959.61,2972.18,140.7758,ETH/USDT,binanceus
2026-01-01 00:00:00+00:00,2973.54,3008.97,2971.0,3003.78,90.9549,ETH/USDT,binanceus
2026-01-02 00:00:00+00:00,3003.66,3148.41,2990.43,3123.09,190.7341,ETH/USDT,binanceus
2026-01-03 00:00:00+00:00,3126.54,3135.61,3078.88,3129.68,104.7692,ETH/USDT,binanceus
2026-01-04 00:00:00+00:00,3127.7,3166.91,3118.81,3148.3,102.4417,ETH/USDT,binanceus
2026-01-05 00:00:00+00:00,3154.77,3262.5,3136.49,3224.57,260.5426,ETH/USDT,binanceus
2026-01-06 00:00:00+00:00,3231.51,3306.58,3181.06,3293.33,242.8143,ETH/USDT,binanceus
2026-01-07 00:00:00+00:00,3284.85,3299.8,3129.38,3167.36,149.5274,ETH/USDT,binanceus
2026-01-08 00:00:00+00:00,3164.21,3185.8,3058.36,3113.02,90.235,ETH/USDT,binanceus
2026-01-09 00:00:00+00:00,3109.53,3146.55,3061.21,3086.92,67.7848,ETH/USDT,binanceus
2026-01-10 00:00:00+00:00,3092.56,3102.68,3078.79,3087.75,31.4601,ETH/USDT,binanceus
2026-01-11 00:00:00+00:00,3087.36,3144.83,3085.49,3124.24,103.8192,ETH/USDT,binanceus
2026-01-12 00:00:00+00:00,3114.56,3170.2,3070.85,3098.3,138.1416,ETH/USDT,binanceus
2026-01-13 00:00:00+00:00,3106.38,3361.44,3090.3,3323.05,232.3231,ETH/USDT,binanceus
2026-01-14 00:00:00+00:00,3329.42,3400.0,3283.89,3360.31,295.7236,ETH/USDT,binanceus
2026-01-15 00:00:00+00:00,3351.1,3382.37,3276.35,3316.53,231.3105,ETH/USDT,binanceus
2026-01-16 00:00:00+00:00,3316.58,3327.08,3250.1,3297.24,160.4647,ETH/USDT,binanceus
2026-01-17 00:00:00+00:00,3293.38,3332.77,3284.0,3310.64,296.7606,ETH/USDT,binanceus
2026-01-18 00:00:00+00:00,3307.86,3368.72,3279.42,3284.14,554.2626,ETH/USDT,binanceus
2026-01-19 00:00:00+00:00,3284.42,3284.42,3165.72,3189.17,864.039,ETH/USDT,binanceus
2026-01-20 00:00:00+00:00,3187.57,3199.56,2918.67,2940.2,1436.1449,ETH/USDT,binanceus
2026-01-21 00:00:00+00:00,2940.35,3067.67,2866.78,2990.59,1477.1973,ETH/USDT,binanceus
2026-01-22 00:00:00+00:00,2990.19,3036.15,2907.72,2951.05,303.2733,ETH/USDT,binanceus
2026-01-23 00:00:00+00:00,2953.38,3017.63,2892.91,2957.74,748.4052,ETH/USDT,binanceus
2026-01-24 00:00:00+00:00,2958.92,2969.58,2945.31,2953.8,256.9853,ETH/USDT,binanceus
2026-01-25 00:00:00+00:00,2954.53,2958.78,2788.51,2818.64,777.2542,ETH/USDT,binanceus
2026-01-26 00:00:00+00:00,2816.12,2950.0,2814.03,2929.61,1425.5313,ETH/USDT,binanceus
2026-01-27 00:00:00+00:00,2929.62,3034.74,2900.37,3026.17,835.2898,ETH/USDT,binanceus
2026-01-28 00:00:00+00:00,3027.51,3044.4,2984.89,3011.22,637.1829,ETH/USDT,binanceus
2026-01-29 00:00:00+00:00,3013.13,3013.7,2755.17,2822.47,782.9443,ETH/USDT,binanceus
2026-01-30 00:00:00+00:00,2824.93,2828.02,2792.42,2797.63,52.9591,ETH/USDT,binanceus
